Species	Taxid	Genome	Label	belong
Alphapapillomavirus 7	337042	NC_001357.1	1	861paper
Alphapapillomavirus 11	337049	NC_001587.1	1	861paper
Alphapapillomavirus 13	333766	NC_001676.1	1	861paper
Royal Farm virus	64288	NC_006947.1	0	861paper
Alphapapillomavirus 9	337041	NC_001526.4	1	861paper
Rhinovirus B	147712	FJ445188.1	1	861paper
Alphapapillomavirus 6	337050	NC_001593.1	1	861paper
Alphapapillomavirus 10	333754	NC_001355.1	1	861paper
Alphapapillomavirus 5	337044	NC_001583.1	1	861paper
Betapapillomavirus 3	334207	NC_001591.1	1	861paper
Betapapillomavirus 2	333924	NC_001596.1	1	861paper
Chikungunya virus	37124	HM045787.1	1	861paper
Irkut lyssavirus	249583	NC_020809.1	1	861paper
Alphapapillomavirus 8	333757	NC_001595.1	1	861paper
Israel turkey meningoencephalomyelitis virus	64291	KC734551.1	0	861paper
Ndumu virus	59302	NC_016959.1	0	861paper
Bokeloh bat lyssavirus	1072176	NC_025251.1	1	861paper
Australian bat lyssavirus	90961	NC_003243.1	1	861paper
Khujand lyssavirus	237716	NC_025385.1	1	861paper
Koutango virus	44025	EU082200.2	1	861paper
Rabies lyssavirus	11292	KF155002.1	1	861paper
Mupapillomavirus 2	334204	NC_001458.1	1	861paper
Uganda S virus	64297	NC_033698.1	0	861paper
Betapapillomavirus 1	337051	NC_001531.1	1	861paper
Alphapapillomavirus 14	931244	NC_004104.1	1	861paper
Mayaro virus	59301	NC_003417.1	1	861paper
Lagos bat lyssavirus	38766	NC_020807.1	1	861paper
Mokola lyssavirus	12538	NC_006429.1	1	861paper
Yaounde virus	64319	NC_034018.1	0	861paper
Tai Forest ebolavirus	186541	NC_014372.1	1	861paper
Aura virus	44158	NC_003900.1	0	861paper
Ilheus virus	59563	NC_009028.2	1	861paper
Betapapillomavirus 4	334208	NC_004500.1	1	861paper
Tick-borne encephalitis virus	11084	NC_001672.1	1	861paper
Aravan lyssavirus	211977	NC_020808.1	1	861paper
Betapapillomavirus 5	334209	NC_005134.2	1	861paper
Nyando orthobunyavirus	3052426	NC_034492.1,NC_034491.1,NC_034481.1	1	861paper
Fort Morgan virus	48544	NC_013528.1	0	861paper
Zika virus	64320	NC_012532.1	1	861paper
Japanese encephalitis virus	11072	GQ902058.1	1	861paper
Alphapapillomavirus 4	337043	NC_001352.1	1	861paper
Bujaru phlebovirus	3052637	NC_033830.1,NC_033847.1,NC_033831.1	0	861paper
European bat 2 lyssavirus	57483	NC_009528.2	1	861paper
Gammapapillomavirus 1	333926	NC_001457.1	1	861paper
Alphapapillomavirus 2	337039	NC_001576.1	1	861paper
Human mastadenovirus D	130310	NC_010956.1	1	861paper
Alphapapillomavirus 1	337048	NC_001586.1	1	861paper
Tyuleniy virus	40004	NC_023424.1	0	861paper
Entebbe bat virus	64283	NC_008718.1	0	861paper
Getah virus	59300	NC_006558.1	1	861paper
Alphapapillomavirus 3	333767	NC_001694.1	1	861paper
Omsk hemorrhagic fever virus	12542	NC_005062.1	1	861paper
Mosso das Pedras virus	2083199	AF075257.1	1	861paper
Saint Louis encephalitis virus	11080	NC_007580.2	1	861paper
Capim orthobunyavirus	3052386	NC_034482.1,NC_034493.1,NC_034483.1	0	861paper
Aroa virus	64303	NC_009026.2	1	861paper
Venezuelan equine encephalitis virus	11036	KC344449.1	1	861paper
Ross River virus	11029	GQ433354.1	1	861paper
Murray Valley encephalitis virus	11079	NC_000943.1	1	861paper
Sudan ebolavirus	186540	NC_006432.1	1	861paper
Bundibugyo ebolavirus	565995	NC_014373.1	1	861paper
Sepik virus	44026	NC_008719.1	1	861paper
Gammapapillomavirus 4	333930	NC_001693.1	1	861paper
Onyong-nyong virus	2169701	NC_001512.1	1	861paper
Simbu orthobunyavirus	3052441	NC_018476.1,NC_018478.1,NC_018477.1	0	861paper
Bebaru virus	59305	NC_016962.1	1	861paper
Equine mastadenovirus A	129954	NC_030792.1	0	861paper
Bovine orthopneumovirus	11246	NC_001989.1	0	861paper
Pixuna virus	60876	AF075256.1	1	861paper
Zaire ebolavirus	186538	NC_002549.1	1	861paper
Tembusu virus	64293	NC_015843.2	1	861paper
Enterovirus J	1330521	NC_013695.1	0	861paper
Shuni orthobunyavirus	3052440	NC_018465.1,NC_018459.1,NC_018460.1	1	861paper
Middelburg virus	11023	NC_024887.1	0	861paper
Human mastadenovirus E	130308	NC_003266.2	1	861paper
European bat 1 lyssavirus	57482	NC_009527.1	1	861paper
Apoi virus	64280	NC_003676.1	0	861paper
Southern elephant seal virus	1159195	NC_016960.1	0	861paper
Duvenhage lyssavirus	38767	NC_020810.1	1	861paper
Cupixi mammarenavirus	3052304	NC_010252.1,NC_010254.1	0	861paper
Semliki Forest virus	11033	NC_003215.1	1	861paper
Gadgets Gully virus	64307	NC_033723.1	0	861paper
Highlands J virus	11024	NC_012561.1	0	861paper
Enterovirus C	138950	KJ170575.1	1	861paper
Rio Negro virus	332097	AF075258.1	0	861paper
Louping ill virus	11086	NC_001809.1	1	861paper
Mamastrovirus 6	1239570	NC_011400.1	1	861paper
Rhinovirus C	463676	NC_009996.1	1	861paper
Everglades virus	2083198	AF075251.1	1	861paper
Lloviu cuevavirus	3052148	NC_016144.1	0	861paper
Primate T-lymphotropic virus 1	194440	NC_001436.1	1	861paper
Tellina virus	3051976	NC_038869.1,NC_038870.1	0	861paper
Gammapapillomavirus 3	333929	NC_001691.1	1	861paper
Jugra virus	64309	NC_033699.1	0	861paper
Kyasanur Forest disease virus	33743	JF416960.1	1	861paper
Madariaga virus	1440170	NC_023812.1	1	861paper
Murine orthopneumovirus	11263	NC_006579.1	0	861paper
Reston ebolavirus	186539	NC_004161.1	1	861paper
Human mastadenovirus C	129951	AC_000017.1	1	861paper
Human immunodeficiency virus 1	11676	NC_001802.1	1	861paper
Norwalk virus	11983	NC_001959.2	1	861paper
Mupapillomavirus 1	334203	NC_001356.1	1	861paper
Powassan virus	11083	NC_003687.1	1	861paper
Bagaza virus	64290	NC_012534.1	1	861paper
Morreton vesiculovirus	1972565	NC_034508.1	0	861paper
Langat virus	11085	NC_003690.1	1	861paper
Cacipacore virus	64305	NC_026623.1	1	861paper
Frijoles phlebovirus	1933185	KX611391.1,KX611392.1,KX611393.1	0	861paper
West Nile virus	11082	NC_001563.2	1	861paper
Wyeomyia orthobunyavirus	3052456	NC_034212.1,NC_034213.1,NC_034211.1	1	861paper
Machupo mammarenavirus	3052317	NC_005079.1,NC_005078.1	1	861paper
Macacine gammaherpesvirus 4	45455	NC_006146.1	0	861paper
Catu orthobunyavirus	3052389	KP792660.1,KP792659.1,KP792658.1	1	861paper
Mopeia mammarenavirus	3052320	NC_006574.1,NC_006575.1	0	861paper
Bimiti orthobunyavirus	1933263	KP792657.1,KP792656.1,KP792655.1	0	861paper
Caraparu orthobunyavirus	3052387	NC_034489.1,NC_034477.1,NC_034478.1	1	861paper
Kedougou virus	64311	NC_012533.1	0	861paper
Salehabad phlebovirus	3052679	NC_029127.1,NC_029128.1,NC_029129.1	0	861paper
Cercopithecine alphaherpesvirus 9	35246	NC_002686.2	0	861paper
Cabassou virus	60879	AF075259.1	0	861paper
Kappapapillomavirus 1	122291	NC_002232.1	0	861paper
Cosavirus F	2003652	NC_034385.1	1	861paper
Tonate virus	60877	AF075254.1	1	861paper
Influenza A virus	11320	CY216614.1,CY216615.1,CY216616.1,CY216617.1,CY216618.1,CY216619.1,CY216620.1,CY216621.1	1	861paper
Caprine arthritis encephalitis virus	11660	NC_001463.1	0	861paper
Piscihepevirus A	1678147	NC_015521.1	0	861paper
Yokose virus	64294	NC_005039.1	0	861paper
Infectious pancreatic necrosis virus	11002	NC_001915.1,NC_001916.1	0	861paper
Human alphaherpesvirus 1	10298	NC_001806.2	1	861paper
Bwamba orthobunyavirus	3052384	NC_034479.1,NC_034490.1,NC_034480.1	1	861paper
Isfahan vesiculovirus	1972573	NC_020806.1	1	861paper
West Caucasian bat lyssavirus	249584	NC_025377.1	1	861paper
Oropouche orthobunyavirus	3052429	NC_005776.1,NC_005775.1,NC_005777.1	1	861paper
Salmon pancreas disease virus	84589	NC_003930.1	0	861paper
Human polyomavirus 1	1891762	NC_001538.1	1	861paper
Mamastrovirus 1	1239565	NC_030922.1	1	861paper
Wesselsbron virus	164416	NC_012735.1	1	861paper
Cosavirus A	1330491	NC_012800.1	1	861paper
Kadam virus	64310	NC_033724.1	0	861paper
Influenza B virus	11520	MH245265.1,MH245264.1,MH245263.1,MH245262.1,MH245261.1,MH245260.1,MH245259.1,MH245258.1	1	861paper
Ungulate bocaparvovirus 1	3052045	NC_001540.1	0	861paper
Pegivirus C	3052608	NC_001710.1	1	861paper
Human gammaherpesvirus 8	37296	NC_009333.1	1	861paper
Human orthopneumovirus	11250	NC_001781.1	1	861paper
Gammapapillomavirus 2	333928	NC_001690.1	1	861paper
Simian orthorubulavirus	3052561	NC_006428.1	0	861paper
Candiru phlebovirus	3052640	NC_015374.1,NC_015373.1,NC_015375.1	1	861paper
Ippy mammarenavirus	3052308	NC_007906.1,NC_007905.1	0	861paper
Rotavirus F	183405	NC_021625.1,NC_021626.1,NC_021631.1,NC_021630.1,NC_021632.1,NC_021635.1,NC_021633.1,NC_021628.1,NC_021627.1,NC_021629.1,NC_021634.1	0	861paper
Enterovirus H	310907	NC_003988.1	0	861paper
Huaiyangshan banyangvirus	2748958	NC_018136.1,NC_018138.1,NC_018137.1	1	861paper
Tremovirus A	70796	NC_003990.1	0	861paper
Gammapapillomavirus 5	333931	NC_010329.1	1	861paper
Akabane orthobunyavirus	1933178	NC_009894.1,NC_009895.1,NC_009896.1	0	861paper
Human immunodeficiency virus 2	11709	NC_001722.1	1	861paper
Sandfly fever Naples phlebovirus	1933189	NC_006319.1,NC_006320.1,NC_006318.1	1	861paper
Edge Hill virus	64296	NC_030289.1	0	861paper
Shimoni bat lyssavirus	746543	NC_025365.1	1	861paper
Argentinian mammarenavirus	2169991	NC_005080.1,NC_005081.1	1	861paper
Enterovirus B	138949	AB426609.1	1	861paper
Carnivore amdoparvovirus 1	3051624	MF285607.1	0	861paper
Enterovirus D	138951	NC_001430.1	1	861paper
Klamath tupavirus	1972588	NC_034549.1	0	861paper
Punta Toro phlebovirus	3052684	NC_027203.1,NC_027201.1,NC_027202.1	1	861paper
Mamastrovirus 3	1239567	NC_025379.1	0	861paper
Sapelovirus A	686984	NC_003987.1	0	861paper
Walleye dermal sarcoma virus	39720	NC_001867.1	0	861paper
Guama orthobunyavirus	3052396	KP792666.1,KP792665.1,KP792664.1	1	861paper
Rotavirus G	183407	NC_021590.1,NC_021580.1,NC_021581.1,NC_021589.1,NC_021583.1,NC_021588.1,NC_021585.1,NC_021584.1,NC_021582.1,NC_021586.1,NC_021587.1	0	861paper
Piry vesiculovirus	1972575	KU178986.1	1	861paper
Pegivirus I	3052613	NC_038437.1	0	861paper
Taterapox virus	28871	NC_008291.1	0	861paper
Anopheles A orthobunyavirus	1933180	KY793537.1,KY793538.1,KY793539.1	1	861paper
California encephalitis orthobunyavirus	3052390	NC_004108.1,NC_004109.1,NC_004110.1	1	861paper
Human betaherpesvirus 5	10359	NC_006273.2	1	861paper
Sindbis virus	11034	KF981618.1	1	861paper
Alagoas vesiculovirus	1972579	NC_025353.1	1	861paper
Human mastadenovirus A	129875	AC_000005.1	1	861paper
Puumala orthohantavirus	3052493	NC_005225.1,NC_005223.1,NC_005224.1	1	861paper
Torchivirus A	2025079	NC_025890.1	0	861paper
Bos taurus polyomavirus 1	1891754	NC_001442.1	0	861paper
Bertioga orthobunyavirus	3052374	KY013487.1,KY013488.1,KY013489.1	0	861paper
Ikoma lyssavirus	1167696	NC_018629.1	1	861paper
Thogoto thogotovirus	11569	NC_006508.1,NC_006495.1,NC_006496.1,NC_006506.1,NC_006507.1,NC_006504.1	1	861paper
Sosuga pararubulavirus	3052600	NC_025343.1	1	861paper
Human metapneumovirus	162145	NC_004148.2	1	861paper
Eastern equine encephalitis virus	11021	NC_003899.1	1	861paper
Batama orthobunyavirus	3052372	NC_038722.1	0	861paper
Rotterdam reptarenavirus	3052727	NC_018484.1,NC_018481.1	0	861paper
Bovine mastadenovirus C	129952	AF027599.2	0	861paper
Yellow fever virus	11089	JX898871.1	1	861paper
Tamdy orthonairovirus	3052538	NC_031284.1,NC_031285.1,NC_031286.1	0	861paper
Parechovirus A	1803956	NC_001897.1	1	861paper
Tacaribe mammarenavirus	3052328	NC_004292.1,NC_004293.1	1	861paper
White bream virus	405554	NC_008516.1	0	861paper
Avian metaavulavirus 5	2560315	NC_025361.1	0	861paper
Ntaya virus	64292	NC_018705.3	1	861paper
Thimiri orthobunyavirus	3052449	MH484336.1,MH484337.1,MH484338.1	0	861paper
Avian metapneumovirus	38525	NC_007652.1	0	861paper
Una virus	59304	HM147992.1	0	861paper
Phocine morbillivirus	11240	NC_028249.1	0	861paper
Andes orthohantavirus	1980456	NC_003468.2,NC_003467.2,NC_003466.1	1	861paper
Madrid orthobunyavirus	3052413	NC_034497.1,NC_034505.1,NC_034498.1	1	861paper
Hepacivirus K	3052231	NC_038430.1	0	861paper
Mesocricetus auratus polyomavirus 1	1891729	NC_001663.2	0	861paper
Cosavirus D	2003650	NC_012802.1	1	861paper
Western chimpanzee simian foamy virus	2170203	NC_001364.1	1	861paper
Fusong orthohantavirus	3052479	NC_038447.1,NC_038446.1	0	861paper
Betacoronavirus 1	694003	NC_006213.1	1	861paper
Rinderpest morbillivirus	11241	NC_006296.2	0	861paper
Influenza C virus	11552	KM504277.1,KM504278.1,KM504279.1,KM504280.1,KM504281.1,KM504282.1,KM504283.1	1	861paper
Panine betaherpesvirus 2	188763	NC_003521.1	0	861paper
Alphapapillomavirus 12	10570	NC_001678.1	0	861paper
Pseudocowpox virus	129726	NC_013804.1	1	861paper
Uukuniemi phlebovirus	1933191	NC_005214.1,NC_005220.1,NC_005221.1	1	861paper
Human gammaherpesvirus 4	10376	NC_007605.1	1	861paper
Guajara orthobunyavirus	3052395	NC_038734.1,NC_038733.1,NC_038732.1	0	861paper
Barmah Forest virus	11020	NC_001786.1	1	861paper
Orf virus	10258	NC_005336.1	1	861paper
Sakhalin orthonairovirus	3052534	KU925494.1,KU925495.1,KU925496.1	0	861paper
Rift Valley fever phlebovirus	3052676	NC_014397.1,NC_014396.1,NC_014395.1	1	861paper
Squirrelpox virus	240426	NC_022563.1	0	861paper
Macacine gammaherpesvirus 5	154334	NC_003401.1	0	861paper
Quezon mobatvirus	3052338	NC_034401.1,NC_034393.1,NC_034400.1	0	861paper
Bovine leukemia virus	11901	NC_001414.1	0	861paper
Parapoxvirus of red deer in New Zealand	129728	NC_025963.1	0	861paper
Maporal orthohantavirus	3052485	NC_034553.1,NC_034552.1,NC_034566.1	0	861paper
Koongol orthobunyavirus	3052408	KP792669.1,KP792668.1,KP792667.1	0	861paper
Cercopithecine betaherpesvirus 5	50292	NC_012783.2	0	861paper
Kokobera virus	44024	NC_032088.1	1	861paper
Anguillid perhabdovirus	1300113	NC_022581.1	0	861paper
Rhinovirus A	147711	NC_001617.1	1	861paper
Bayou orthohantavirus	3052470	NC_038299.1,NC_038300.1,NC_038298.1	1	861paper
Western equine encephalitis virus	11039	NC_003908.1	1	861paper
Human polyomavirus 2	1891763	NC_001699.1	1	861paper
Gamboa orthobunyavirus	3052393	NC_038729.1,NC_038730.1,NC_038731.1	0	861paper
Hepatovirus D	1987125	NC_028363.1	0	861paper
Ghanaian bat henipavirus	3052222	NC_025256.1	0	861paper
Adeno-associated dependoparvovirus B	1511892	NC_006152.1	1	861paper
Alphacoronavirus 1	693997	NC_002306.3	0	861paper
Rhesus macaque simian foamy virus	2170199	NC_010819.1	1	861paper
Pipapillomavirus 1	334212	NC_022647.1	0	861paper
Sin Nombre orthohantavirus	3052499	NC_005217.1,NC_005215.1,NC_005216.1	1	861paper
Human coronavirus HKU1	290028	NC_006577.2	1	861paper
Marituba orthobunyavirus	3052418	NC_034495.1,NC_034504.1,NC_034496.1	1	861paper
Oriboca orthobunyavirus	3052428	NC_034475.1,NC_034488.1,NC_034476.1	1	861paper
Avastrovirus 3	1239439	NC_005790.1	0	861paper
Porcine orthorubulavirus	3052562	NC_009640.1	0	861paper
Mamastrovirus 8	1239572	GQ415660.1	1	861paper
Banzi virus	38837	DQ859056.1	1	861paper
Vesicular exanthema of swine virus	35612	NC_002551.1	1	861paper
Drosophila immigrans sigmavirus	1002360	NC_038280.1	0	861paper
Cosavirus E	2003651	NC_012798.1	1	861paper
Saboya virus	64284	NC_033697.1	0	861paper
Kaeng Khoi orthobunyavirus	3052404	NC_034499.1,NC_034500.1,NC_034501.1	0	861paper
Whataroa virus	48543	NC_016961.1	0	861paper
Human respirovirus 1	12730	NC_003461.1	1	861paper
Variola virus	10255	NC_001611.1	1	861paper
Dengue virus	12637	NC_001477.1	1	861paper
Tupaiid betaherpesvirus 1	10397	NC_002794.1	0	861paper
Ectromelia virus	12643	NC_004105.1	0	861paper
Equine foamy virus	109270	NC_002201.1	0	861paper
Yunnan orbivirus	306276	NC_007656.1,NC_007657.1,NC_007658.1,NC_007659.1,NC_007660.1,NC_007661.1,NC_007662.1,NC_007663.1,NC_007664.1,NC_007665.1	0	861paper
Grivet simian foamy virus	2170196	NC_010820.1	1	861paper
Thailand orthohantavirus	3052501	NC_034556.1,NC_034563.1,NC_034555.1	0	861paper
Xipapillomavirus 1	10561	NC_004197.1	0	861paper
Latino mammarenavirus	3052311	NC_010760.1,NC_010758.1	0	861paper
Pestivirus E	3052616	NC_024018.2	0	861paper
Mamastrovirus 5	1239569	KY765684.1	0	861paper
Cardiovirus C	1821751	NC_038305.1	0	861paper
Jembrana disease virus	36370	U21603.1	0	861paper
Ball python nidovirus 1	1986118	NC_024709.1	0	861paper
Merino Walk mammarenavirus	3052319	NC_023763.1,NC_023764.1	0	861paper
Bunyamwera orthobunyavirus	3052381	NC_001925.1,NC_001926.1,NC_001927.1	1	861paper
Rochambeau curiovirus	1985691	NC_034534.1	0	861paper
Enterovirus F	1330520	NC_021220.1	0	861paper
Simian immunodeficiency virus	11723	NC_001549.1	1	861paper
Carnivore protoparvovirus 1	3052707	NC_001539.1	0	861paper
Avian paraavulavirus 4	3052593	NC_019531.1	0	861paper
Golden reptarenavirus	3052723	NC_018482.1,NC_018483.1	0	861paper
Tacaiuma orthobunyavirus	3052444	MF497779.1,MF497777.1,MF497772.1	1	861paper
Seoul orthohantavirus	3052498	NC_005238.1,NC_005237.1,NC_005236.1	1	861paper
Crimean-Congo hemorrhagic fever orthonairovirus	3052518	NC_005301.3,NC_005300.2,NC_005302.1	1	861paper
California reptarenavirus	3052724	NC_023762.1,NC_023761.1	0	861paper
Dhori thogotovirus	11318	NC_034261.1,NC_034263.1,NC_034254.1,NC_034255.1,NC_034262.1,NC_034256.1	0	861paper
Snakehead novirhabdovirus	1980918	NC_000903.1	0	861paper
Jurona vesiculovirus	1972568	NC_025392.1	1	861paper
Primate T-lymphotropic virus 3	194443	EU649782.1	1	861paper
Zetapapillomavirus 1	333919	NC_003748.1	0	861paper
Porcine mastadenovirus C	3241440	NC_002702.1	0	861paper
Camelpox virus	28873	NC_003391.1	0	861paper
Iriri curiovirus	1985689	NC_034544.1	0	861paper
Loei River mammarenavirus	3052313	KC669693.1,KC669698.1	0	861paper
Manzanilla orthobunyavirus	3052416	NC_024076.1,NC_024074.1,NC_024075.1	0	861paper
Hedgehog coronavirus 1	1965093	NC_022643.1	0	861paper
Teviot pararubulavirus	3052601	NC_039198.1	0	861paper
Kadipiro virus	104580	NC_004210.1,NC_004212.1,NC_004213.1,NC_004214.1,NC_004215.1,NC_004216.1,NC_004209.1,NC_004208.1,NC_004207.1,NC_004206.1,NC_004205.1,NC_004199.1	0	861paper
Guaroa orthobunyavirus	3052397	NC_034487.1,NC_034506.1,NC_034486.1	1	861paper
Meaban virus	35279	NC_033721.1	0	861paper
Rodent protoparvovirus 1	3052717	NC_001510.1	0	861paper
Squirrel monkey retrovirus	11856	NC_001514.1	0	861paper
Montana myotis leukoencephalitis virus	64312	NC_004119.1	0	861paper
Khabarovsk orthohantavirus	3052483	NC_034519.1,NC_034518.1,NC_034527.1	0	861paper
Tylonycteris bat coronavirus HKU4	694007	NC_009019.1	0	861paper
Patois orthobunyavirus	3052431	NC_043690.1,NC_043691.1,NC_043689.1	0	861paper
Adeno-associated dependoparvovirus A	1511891	NC_002077.1	1	861paper
Jutiapa virus	64299	NC_026620.1	0	861paper
Bovine respirovirus 3	3052729	NC_002161.1	0	861paper
Macaca mulatta polyomavirus 1	1891767	NC_001669.1	1	861paper
Flexal mammarenavirus	3052305	NC_010759.1,NC_010757.1	1	861paper
Porcine mastadenovirus A	3241441	AC_000189.1	0	861paper
Alcelaphine gammaherpesvirus 2	138184	NC_024382.1	0	861paper
Mouse mammary tumor virus	11757	NC_001503.1	0	861paper
Bouboui virus	64295	NC_033693.1	1	861paper
Canine morbillivirus	3052342	NC_001921.1	1	861paper
Bluetongue virus	40051	NC_006023.1,NC_006013.2,NC_006014.1,NC_006024.2,NC_006025.1,NC_006010.1,NC_006022.1,NC_006007.1,NC_006008.1,NC_006015.1	0	861paper
Enterovirus G	106966	NC_004441.1	0	861paper
Marburg marburgvirus	3052505	NC_001608.3	1	861paper
Cano Delgadito orthohantavirus	3052476	NC_034515.1,NC_034525.1,NC_034528.1	0	861paper
Phocid alphaherpesvirus 1	47418	MH509440.2	0	861paper
Hepatovirus G	1987128	NC_038316.1	0	861paper
Equine encephalosis virus	201490	FJ183384.1,FJ183385.1,FJ183386.1,FJ183387.1,FJ183388.1,FJ183389.1,FJ183390.1,FJ183391.1,FJ183392.1,FJ183393.1	0	861paper
Human alphaherpesvirus 2	10310	NC_001798.2	1	861paper
Hughes orthonairovirus	3052510	KU925479.1,KU925480.1,KU925481.1	0	861paper
Callitrichine gammaherpesvirus 3	106331	NC_004367.1	0	861paper
Cardiovirus A	1821749	NC_001479.1	1	861paper
Kairi orthobunyavirus	3052401	KR260738.1,KR260739.1,KR260740.1	0	861paper
Serra do Navio mammarenavirus	3052296	NC_010251.1,NC_010247.1	0	861paper
Bowe orthohantavirus	3052471	NC_034407.1,NC_034406.1,NC_034405.1	0	861paper
Mucambo virus	60875	AF075253.1	1	861paper
Puma lentivirus	12804	U03982.1	0	861paper
Kern Canyon ledantevirus	1978537	NC_034451.1	0	861paper
Luna mammarenavirus	3052315	NC_016153.1,NC_016152.1	0	861paper
Common moorhen coronavirus HKU21	1159902	NC_016996.1	0	861paper
Lambdapapillomavirus 2	35258	NC_001619.1	0	861paper
Avian metaavulavirus 7	2560317	NC_025347.1	0	861paper
Night heron coronavirus HKU19	1159904	NC_016994.1	0	861paper
Ovine gammaherpesvirus 2	10398	NC_007646.1	0	861paper
Bovine papular stomatitis virus	129727	NC_005337.1	1	861paper
Chapare mammarenavirus	3052302	NC_010563.1,NC_010562.1	1	861paper
Nishimuro ledantevirus	1978536	NC_038276.1	0	861paper
Tupaia tupavirus	1972580	NC_007020.1	0	861paper
Lymphocytic choriomeningitis mammarenavirus	3052303	NC_004291.1,NC_004294.1	1	861paper
Primate T-lymphotropic virus 2	194441	Y13051.1	1	861paper
Hepatitis B virus	10407	AJ344115.1	1	861paper
Hepatovirus F	1987127	NC_038315.1	0	861paper
Tamiami mammarenavirus	3052329	NC_010702.1,NC_010701.1	0	861paper
Cosavirus B	2003649	NC_012801.1	1	861paper
Mason-Pfizer monkey virus	11855	NC_001550.1	0	861paper
Phasi Charoen-like phasivirus	3052631	NC_038262.1,NC_038261.1,NC_038263.1	0	861paper
Saimiriine gammaherpesvirus 2	10381	NC_001350.1	0	861paper
Psittaciform 1 orthobornavirus	1548713	NC_030688.1	0	861paper
Pirital mammarenavirus	3052324	NC_005897.1,NC_005894.1	0	861paper
Rabbit hemorrhagic disease virus	11976	NC_001543.1	0	861paper
Rice yellow stunt nucleorhabdovirus	59380	NC_003746.1	0	861paper
Woolly monkey sarcoma virus	11970	NC_009424.5	0	861paper
Omikronpapillomavirus 1	82676	JN709471.1	0	861paper
Murid betaherpesvirus 2	28304	NC_002512.2	0	861paper
Perch perhabdovirus	1256869	NC_020803.1	0	861paper
Hazara orthonairovirus	3052519	NC_038709.1,NC_038710.1,NC_038711.1	0	861paper
Mink coronavirus 1	1913642	NC_023760.1	0	861paper
Yichang insect goukovirus	3052212	NC_031320.1,NC_031321.1,NC_031322.1	0	861paper
Aalivirus A	2169685	NC_023985.1	0	861paper
Hepacivirus E	3052235	KC815310.1	0	861paper
Jeju orthohantavirus	3052481	NC_034399.1,NC_034404.1,NC_034398.1	0	861paper
Gibbon ape leukemia virus	11840	KT724048.1	0	861paper
Bovine atadenovirus D	130499	NC_002685.2	0	861paper
Lunk mammarenavirus	3052316	NC_018711.1,NC_018710.1	0	861paper
Cowpox virus	10243	NC_003663.2	1	861paper
Rotavirus H	1348384	NC_007548.1,NC_007549.1,NC_007550.1,NC_007551.1,NC_007552.1,NC_007553.1,NC_007554.1,NC_007555.1,NC_007556.1,NC_007557.1,NC_007558.1	1	861paper
Ungulate protoparvovirus 1	3052720	NC_001718.1	0	861paper
Umatilla virus	40060	NC_024503.1,NC_024504.1,NC_024505.1,NC_024506.1,NC_024507.1,NC_024508.1,NC_024509.1,NC_024510.1,NC_024499.1,NC_024500.1	0	861paper
Equid alphaherpesvirus 3	80341	NC_024771.1	0	861paper
Rotavirus I	1637496	NC_026825.2,NC_026826.2,NC_026828.2,NC_026827.2,NC_026820.2,NC_026829.2,NC_026821.2,NC_026822.2,NC_026830.2,NC_026823.2,NC_026824.2	0	861paper
Allpahuayo mammarenavirus	144752	NC_010249.1,NC_010253.1	0	861paper
Fugong orthohantavirus	3052478	NC_034467.1,NC_034466.1,NC_034473.1	0	861paper
New Jersey vesiculovirus	1972578	NC_024473.1	1	861paper
Itacaiunas curiovirus	1985690	NC_034536.1	0	861paper
Avastrovirus 1	1239437	NC_002470.1	0	861paper
Equid gammaherpesvirus 2	12657	NC_001650.2	0	861paper
Corriparta virus	40053	KC853042.1,KC853043.1,KC853044.1,KC853045.1,KC853046.1,KC853047.1,KC853048.1,KC853049.1,KC853050.1,KC853051.1	0	861paper
Feline immunodeficiency virus	11673	NC_001482.1	0	861paper
Alajuela orthobunyavirus	1933181	NC_038717.1,NC_038715.1,NC_038716.1	0	861paper
Laibin mobatvirus	3052335	NC_038515.1,NC_038513.1,NC_038514.1	0	861paper
American bat vesiculovirus	1972564	NC_022755.1	0	861paper
Dugbe orthonairovirus	3052514	NC_004159.1,NC_004158.1,NC_004157.1	1	861paper
Equid alphaherpesvirus 4	10331	NC_001844.1	0	861paper
Molluscum contagiosum virus	10279	NC_001731.1	1	861paper
Curionopolis curiovirus	1985688	NC_025354.1	0	861paper
Pegivirus F	3052605	NC_038434.1	0	861paper
Schmallenberg orthobunyavirus	3052437	NC_018463.1,NC_018467.1,NC_018464.1	1	861paper
Human mastadenovirus B	108098	AC_000019.1	1	861paper
Sheeppox virus	10266	NC_004002.1	0	861paper
Malpais Spring vesiculovirus	1972570	NC_025364.1	0	861paper
Lassa mammarenavirus	3052310	NC_004297.1,NC_004296.1	1	861paper
Ground squirrel hepatitis virus	10406	NC_001484.1	0	861paper
Passerivirus A	1511803	NC_014411.1	0	861paper
Human alphaherpesvirus 3	10335	NC_001348.1	1	861paper
Turlock orthobunyavirus	3052452	MK514125.1,MK514122.1,MK514119.1	0	861paper
Avian paraavulavirus 3	3052594	NC_025373.1	0	861paper
Durham tupavirus	1972581	NC_038284.1	0	861paper
Achimota pararubulavirus 1	2560259	NC_025403.1	0	861paper
Porcine circovirus 2	85708	NC_005148.1	0	861paper
Human coronavirus 229E	11137	NC_002645.1	1	861paper
Tuhoko pararubulavirus 1	3052596	NC_025410.1	0	861paper
Hepacivirus F	3052232	NC_038427.1	0	861paper
Saumarez Reef virus	40012	NC_033726.1	0	861paper
Peruvian horse sickness virus	356862	NC_007748.1,NC_007749.1,NC_007750.1,NC_007751.1,NC_007755.1,NC_007752.1,NC_007756.1,NC_007754.1,NC_007753.1,NC_007757.1	0	861paper
Chilibre phlebovirus	3052588	MK330756.1,MK330757.1,MK330758.1	0	861paper
Murine mastadenovirus A	129956	NC_000942.1	0	861paper
Mammalian orthorubulavirus 5	2560580	NC_006430.1	1	861paper
Bear Canyon mammarenavirus	3052298	NC_010255.1,NC_010256.1	0	861paper
Rockport orthohantavirus	3052495	NC_038695.1,NC_038694.1,NC_038696.1	0	861paper
Kasokero orthonairovirus	3052523	NC_036636.1,NC_029933.1,NC_029932.1	1	861paper
Achimota pararubulavirus 2	2560260	NC_025404.1	0	861paper
Pegivirus G	3052612	NC_038435.1	0	861paper
Rotavirus C	36427	NC_007547.1,NC_007546.1,NC_007572.1,NC_007574.1,NC_007570.1,NC_007543.1,NC_007544.1,NC_007571.1,NC_007545.1,NC_007569.1,NC_007573.1	1	861paper
Epsilonpapillomavirus 1	40537	NC_004195.1	0	861paper
Iotapapillomavirus 1	10567	NC_001605.1	0	861paper
Orthohepevirus B	1678144	NC_023425.1	0	861paper
Porcine respirovirus 1	3052733	NC_025402.1	0	861paper
Changuinola virus	40052	NC_022639.1,NC_022633.1,NC_022634.1,NC_022640.1,NC_022635.1,NC_022641.1,NC_022636.1,NC_022637.1,NC_022642.1,NC_022638.1	1	861paper
Ekpoma 1 tibrovirus	1987018	NC_038282.1	1	861paper
Bovine nidovirus 1	1986112	NC_027199.1	0	861paper
Lujo mammarenavirus	3052314	NC_012777.1,NC_012776.1	1	861paper
Drosophila affinis sigmavirus	1308859	NC_038278.1	0	861paper
Mus musculus polyomavirus 1	1891730	NC_001515.2	0	861paper
Equine infectious anemia virus	11665	NC_001450.1	0	861paper
Kappapapillomavirus 2	10623	NC_001541.1	0	861paper
Mosavirus A	1481452	NC_023987.1	0	861paper
Mischivirus A	1511779	NC_034381.1	0	861paper
Primate erythroparvovirus 1	3052189	NC_000883.2	1	861paper
Drosophila X virus	48981	NC_004177.1,NC_004169.1	0	861paper
Gairo mammarenavirus	3052306	NC_026247.1,NC_026246.1	0	861paper
Rabovirus A	1603962	NC_026314.1	0	861paper
Yaba monkey tumor virus	38804	NC_005179.1	0	861paper
Enterovirus A	138948	KU254596.1	1	861paper
Cervid alphaherpesvirus 2	365327	MH036943.1	0	861paper
Parechovirus C	2031165	NC_021482.1	0	861paper
Murine mastadenovirus B	1146873	NC_014899.1	0	861paper
Lebombo virus	40057	JQ610665.1,JQ610666.1,JQ610667.1,JQ610668.1,JQ610669.1,JQ610670.1,JQ610671.1,JQ610672.1,JQ610673.1,JQ610674.1	1	861paper
Oliveros mammarenavirus	3052322	NC_010250.1,NC_010248.1	0	861paper
Ferak feravirus	3052202	KP710246.1,KP710264.1,KP710267.1	0	861paper
Chinook salmon nidovirus 1	1986113	NC_026812.1	0	861paper
Avian orthoavulavirus 1	2560319	NC_039223.1	1	861paper
Whitewater Arroyo mammarenavirus	3052331	NC_010703.1,NC_010700.1	1	861paper
Mammalian 2 orthobornavirus	1897087	NC_030701.1	1	861paper
Wenzhou mammarenavirus	3052330	NC_026019.1,NC_026018.1	0	861paper
Main Drain orthobunyavirus	3052405	MH484309.1,MH484310.1,MH484311.1	0	861paper
Nova mobatvirus	3052337	NC_034465.1,NC_034470.1,NC_034464.1	0	861paper
Eyach virus	62352	NC_003696.1,NC_003697.1,NC_003698.1,NC_003699.1,NC_003700.1,NC_003701.1,NC_003702.1,NC_003703.1,NC_003704.1,NC_003705.1,NC_003706.1,NC_003707.1	0	861paper
Avisivirus C	1985983	NC_024767.1	0	861paper
Barur ledantevirus	1978534	NC_034535.1	0	861paper
Severe acute respiratory syndrome-related coronavirus	694009	NC_004718.3	1	861paper
Jaagsiekte sheep retrovirus	11746	NC_001494.1	0	861paper
Bovine immunodeficiency virus	11657	NC_001413.1	0	861paper
Equine mastadenovirus B	129955	NC_027705.1	0	861paper
Micromonas pusilla reovirus	338781	NC_008171.1,NC_008172.1,NC_008173.1,NC_008174.1,NC_008175.1,NC_008176.1,NC_008177.1,NC_008178.1,NC_008179.1,NC_008180.1,NC_008181.1	0	861paper
Hepacivirus G	3052237	KJ950938.1	0	861paper
Volepox virus	28874	NC_031033.1	0	861paper
Waterbird 1 orthobornavirus	1548722	NC_029642.1	0	861paper
Potamipivirus A	1914568	NC_022332.1	0	861paper
Phnom Penh bat virus	64894	NC_034007.1	0	861paper
Dera Ghazi Khan orthonairovirus	3052525	KU925437.1,KU925438.1,KU925439.1	0	861paper
Visna-maedi virus	2169971	NC_001452.1	0	861paper
Equid gammaherpesvirus 5	10371	NC_026421.1	0	861paper
Hepatovirus B	1987123	NC_027818.1	0	861paper
Thiafora orthonairovirus	3052537	NC_029909.1,NC_029934.1,NC_029910.1	1	861paper
Feline foamy virus	53182	NC_001871.1	0	861paper
Hepacivirus C	3052230	NC_004102.1	1	861paper
Marco hapavirus	1972620	NC_034530.1	0	861paper
Mamastrovirus 13	1239577	NC_002469.1	0	861paper
Imjin thottimvirus	3052788	NC_034564.1,NC_034557.1,NC_034558.1	0	861paper
Keuraliba ledantevirus	1978538	NC_034540.1	0	861paper
Tuhoko pararubulavirus 3	3052598	NC_025350.1	0	861paper
Hepacivirus L	3052239	NC_031916.1	0	861paper
Hepatovirus I	1987130	NC_028364.1	0	861paper
Sapporo virus	95342	NC_006554.1	1	861paper
Rice hoja blanca tenuivirus	3052764	NC_036597.1,NC_036598.1,NC_036602.1,NC_036599.1	0	861paper
Canine mastadenovirus A	10537	NC_001734.1	0	861paper
Mus musculus polyomavirus 2	1891770	NC_001505.2	0	861paper
Avisivirus A	1511772	NC_038304.1	0	861paper
Nupapillomavirus 1	334205	NC_001354.1	1	861paper
Murid betaherpesvirus 1	10366	NC_004065.1	0	861paper
Tula orthohantavirus	3052503	NC_005226.1,NC_005228.1,NC_005227.2	1	861paper
Mamastrovirus 9	1239573	NC_013060.1	1	861paper
Hunnivirus A	1431460	NC_018668.1	0	861paper
Hepacivirus H	3052233	KJ950939.1	0	861paper
Salmonid novirhabdovirus	1980917	NC_001652.1	0	861paper
Rio Bravo virus	64285	JQ582840.1	1	861paper
Bovine rhinitis B virus	693066	NC_010354.1	0	861paper
Nairobi sheep disease orthonairovirus	3052529	NC_034387.1,NC_034391.1,NC_034386.1	0	861paper
Avian metaavulavirus 8	2560318	NC_039195.1	0	861paper
Bat coronavirus HKU10	1244203	NC_018871.1	0	861paper
Rousettus bat coronavirus HKU9	694006	NC_009021.1	0	861paper
Radi vesiculovirus	1972566	NC_038287.1	0	861paper
Carnivore bocaparvovirus 1	3052026	NC_004442.1	0	861paper
Tree shrew mastadenovirus A	242710	AC_000190.1	0	861paper
Kamese hapavirus	1972616	NC_034450.1	0	861paper
Aquareovirus G	519014	NC_010584.1,NC_010585.1,NC_010586.1,NC_010587.1,NC_010588.1,NC_010589.1,NC_010590.1,NC_010591.1,NC_010592.1,NC_010593.1,NC_010594.1	0	861paper
Human coronavirus NL63	277944	NC_005831.2	1	861paper
Montano orthohantavirus	3052486	NC_034403.1,NC_034397.1,NC_034396.1	0	861paper
Rice dwarf virus	10991	NC_003760.1,NC_003761.1,NC_003762.1,NC_003763.1,NC_003764.1,NC_003765.1,NC_003766.1,NC_003767.1,NC_003768.1,NC_003772.1,NC_003773.1,NC_003774.1	0	861paper
Drosophila obscura sigmavirus	948741	NC_022580.1	0	861paper
Ovine atadenovirus D	130327	NC_004037.2	0	861paper
Beluga whale coronavirus SW1	694015	NC_010646.1	0	861paper
Canid alphaherpesvirus 1	170325	NC_030117.1	0	861paper
Human orthorubulavirus 2	2560525	NC_003443.1	1	861paper
Mammalian 1 orthobornavirus	1714619	NC_001607.1	1	861paper
Feline leukemia virus	11768	NC_001940.1	0	861paper
Human orthorubulavirus 4	2560526	NC_021928.1	1	861paper
Kibale herbevirus	3052242	NC_034460.1,NC_034468.1,NC_034458.1	0	861paper
Orungo virus	40058	JQ610675.1,JQ610676.1,JQ610677.1,JQ610678.1,JQ610679.1,JQ610680.1,JQ610681.1,JQ610682.1,JQ610683.1,JQ610684.1	1	861paper
Pestivirus B	3052626	NC_002032.1	0	861paper
Moussa virus	698672	NC_025359.1	0	861paper
Limnipivirus A	1914574	NC_018506.1	0	861paper
Woodchuck hepatitis virus	35269	NC_004107.1	0	861paper
Cumuto goukovirus	3052210	KF543244.1,KF543245.1,KF543246.1	0	861paper
Raccoonpox virus	10256	NC_027213.1	0	861paper
Bovine mastadenovirus B	129950	AC_000002.1	0	861paper
Human respirovirus 3	11216	NC_001796.2	1	861paper
Elapid 1 orthobornavirus	1881950	NC_024778.1	0	861paper
Rice ragged stunt virus	42475	NC_003759.1,NC_003757.1,NC_003749.1,NC_003769.1,NC_003750.1,NC_003751.1,NC_003771.1,NC_003752.1,NC_003770.1,NC_003758.1	0	861paper
Pipistrellus bat coronavirus HKU5	694008	NC_009020.1	0	861paper
Dobrava-Belgrade orthohantavirus	3052477	NC_005235.1,NC_005234.1,NC_005233.1	1	861paper
Cao Bang orthohantavirus	3052473	NC_034485.1,NC_034474.1,NC_034484.1	0	861paper
Rabbit fibroma virus	10271	NC_001266.1	0	861paper
White-eye coronavirus HKU16	1159907	NC_016991.1	0	861paper
Insect shangavirus	3052748	NC_031221.1,NC_031222.1,NC_031223.1	0	861paper
Zegla orthobunyavirus	2170060	NC_043687.1,NC_043688.1,NC_043686.1	0	861paper
Orthohepevirus D	1678146	NC_018382.1	0	861paper
Chobar Gorge virus	1679172	NC_027553.1,NC_027554.1,NC_027555.1,NC_027556.1,NC_027557.1,NC_027558.1,NC_027559.1,NC_027560.1,NC_027561.1,NC_027562.1	0	861paper
Hantaan orthohantavirus	3052480	NC_005218.1	1	861paper
Maraba vesiculovirus	1972574	NC_025255.1	0	861paper
Wad Medani virus	40067	NC_027533.1,NC_027539.1,NC_027540.1,NC_027541.1,NC_027542.1,NC_027543.1,NC_027544.1,NC_027545.1,NC_027546.1,NC_027547.1	0	861paper
Reptilian orthoreovirus	226613	NC_023813.1,NC_023814.1,NC_023819.1,NC_023816.1,NC_023815.1,NC_023820.1,NC_023822.1,NC_023821.1,NC_023817.1,NC_023818.1	0	861paper
Aichivirus A	72149	AY747174.1	1	861paper
Sapelovirus B	686985	NC_004451.1	0	861paper
Yellowtail ascites virus	59816	NC_004168.1,NC_004176.1	0	861paper
Choclo orthohantavirus	3052474	NC_038374.1,NC_038373.1	1	861paper
Rotavirus D	335100	NC_014511.1,NC_014512.1,NC_014513.1,NC_014514.1,NC_014515.1,NC_014516.1,NC_014517.1,NC_014518.1,NC_014519.1,NC_014520.1,NC_014521.1	0	861paper
Eriocheir sinensis reovirus	273810	NC_043180.1,NC_043185.1,NC_043183.1,NC_043184.1,NC_043182.1,NC_043190.1,NC_043186.1,NC_043181.1,NC_043187.1,NC_043191.1,NC_043189.1,NC_043188.1	0	861paper
African swine fever virus	10497	NC_001659.2	0	861paper
Wound tumor virus	10987	NC_038948.1,NC_038944.1,NC_038949.1,NC_038945.1,NC_038951.1,NC_038946.1,NC_038950.1,NC_038947.1,NC_038952.1	0	861paper
Rabbit picobirnavirus	104395	NC_038919.1	0	861paper
Maize fine streak nucleorhabdovirus	209854	NC_005974.1	0	861paper
Avian metaavulavirus 11	2560310	NC_025407.1	0	861paper
Chandipura vesiculovirus	1972576	NC_020805.1	1	861paper
Coffee ringspot dichorhavirus	745716	NC_038756.1,NC_038755.1	0	861paper
Equid alphaherpesvirus 1	10326	NC_001491.2	0	861paper
Okahandja mammarenavirus	3052321	NC_027137.1,NC_027135.1	0	861paper
Rhinolophus bat coronavirus HKU2	693998	NC_009988.1	0	861paper
Bovine rhinitis A virus	1155188	NC_038303.1	0	861paper
Lettuce big-vein associated varicosavirus	1985698	NC_011558.1,NC_011568.1	0	861paper
Fly wubeivirus	2509284	NC_031298.1,NC_031295.1,NC_031297.1	0	861paper
Monkeypox virus	10244	NC_003310.1	1	861paper
Estero Real orthonairovirus	3052516	MH017280.1,MH017286.1,MH017274.1	0	861paper
Mumps orthorubulavirus	2560602	NC_002200.1	1	861paper
Mischivirus C	2003499	NC_026470.1	0	861paper
Keterah orthonairovirus	3052524	NC_034392.1,NC_034388.1,NC_034389.1	0	861paper
Moloney murine sarcoma virus	11809	NC_001502.1	0	861paper
Rodent protoparvovirus 2	3052718	AF036710.1	0	861paper
Drosophila ananassae sigmavirus	1002359	NC_038279.1	0	861paper
Paraguayan mammarenavirus	3052323	NC_010761.1,NC_010756.1	0	861paper
Cocal vesiculovirus	1972572	NC_028255.1	1	861paper
Lumpy skin disease virus	59509	NC_003027.1	0	861paper
Wutai mosquito phasivirus	3052633	NC_031317.1,NC_031318.1,NC_031319.1	0	861paper
Rubella virus	11041	NC_001545.2	1	861paper
Modoc virus	64300	NC_003635.1	0	861paper
Quaranfil quaranjavirus	688436	GQ499302.1,GQ499303.1,FJ861695.1,JN412853.1,FJ861694.1,GQ499304.1	1	861paper
Kenkeme orthohantavirus	3052482	NC_034560.1,NC_034565.1,NC_034559.1	0	861paper
Luxi orthohantavirus	3052484	NC_038529.1,NC_038528.1,NC_038530.1	0	861paper
Kimberley ephemerovirus	1972595	NC_025396.1	0	861paper
Goatpox virus	186805	NC_004003.1	0	861paper
Oita ledantevirus	1978544	NC_034548.1	0	861paper
Swinepox virus	10276	NC_003389.1	0	861paper
Cercopithecine alphaherpesvirus 2	10317	NC_006560.1	0	861paper
Deltapapillomavirus 2	10564	NC_001523.1	0	861paper
Gouleako goukovirus	3052211	HQ541738.1,HQ541737.1,HQ541736.1	0	861paper
Nilaparvata lugens reovirus	33724	NC_003654.1,NC_003655.1,NC_003656.1,NC_003657.1,NC_003658.1,NC_003659.1,NC_003660.1,NC_003653.1,NC_003661.1,NC_003652.1	0	861paper
Middle East respiratory syndrome-related coronavirus	1335626	NC_019843.3	1	861paper
Pegivirus K	3052614	NC_034442.1	0	861paper
Newbury 1 virus	2170030	NC_007916.1	0	861paper
Murine coronavirus	694005	NC_012936.1	0	861paper
Brazilian mammarenavirus	3052299	NC_006313.1,NC_006317.1	1	861paper
Enterovirus I	2040663	KP345887.1	0	861paper
Mosqueiro hapavirus	1972621	NC_034448.1	0	861paper
Orthohepevirus C	1678145	GU345042.1	0	861paper
Herbert herbevirus	3052241	JQ659256.1,JQ659257.1,JQ659258.1	0	861paper
Nipah henipavirus	3052225	NC_002728.1	1	861paper
Avian coronavirus	694014	NC_001451.1	0	861paper
Aichivirus F	1986959	KJ641694.1	0	861paper
Avihepatovirus A	691956	NC_008250.2	0	861paper
Pestivirus I	3052618	NC_018713.1	0	861paper
Piscine novirhabdovirus	1980916	NC_000855.1	0	861paper
Cetacean morbillivirus	3052344	NC_005283.1	0	861paper
Tuhoko pararubulavirus 2	3052595	NC_025348.1	0	861paper
Alcelaphine gammaherpesvirus 1	35252	NC_002531.1	0	861paper
Aedes pseudoscutellaris reovirus	341721	NC_007666.1,NC_007667.1,NC_007668.1,NC_007669.1,NC_007670.1,NC_007671.1,NC_007672.1,NC_007673.1,NC_007674.1	0	861paper
Rice stripe tenuivirus	3052763	NC_003755.1,NC_003754.1,NC_003776.1,NC_003753.1	0	861paper
Mamastrovirus 2	1239566	NC_024701.1	0	861paper
Eggplant mottled dwarf nucleorhabdovirus	488317	NC_025389.1	0	861paper
Suid alphaherpesvirus 1	10345	NC_006151.1	0	861paper
Small ruminant morbillivirus	3052343	NC_006383.2	0	861paper
Ovine mastadenovirus A	114424	NC_002513.1	0	861paper
Equine torovirus	329862	MG996765.1	0	861paper
Solwezi mammarenavirus	3052327	NC_038366.1,NC_038367.1	0	861paper
Bovine alphaherpesvirus 5	35244	NC_005261.2	0	861paper
Mobala mammarenavirus	3052325	NC_007904.1,NC_007903.1	0	861paper
Hirame novirhabdovirus	1980915	NC_005093.1	0	861paper
Avian metaavulavirus 6	2560316	NC_039194.1	0	861paper
European brown hare syndrome virus	33756	NC_002615.1	0	861paper
Macacine betaherpesvirus 3	47929	NC_006150.1	0	861paper
Mamastrovirus 10	1239574	NC_004579.1	0	861paper
Parechovirus D	2031166	NC_034453.1	0	861paper
Gallivirus A	1511776	NC_018400.1	0	861paper
Indiana vesiculovirus	1972577	NC_038236.1	1	861paper
Caviid betaherpesvirus 2	33706	NC_020231.1	0	861paper
Ekpoma 2 tibrovirus	1987019	NC_038283.1	1	861paper
Pike fry sprivivirus	219584	NC_025371.1	0	861paper
Reptilian ferlavirus	3052205	NC_005084.2	0	861paper
Ampivirus A	1986960	NC_027214.1	0	861paper
Dabieshan orthohantavirus	3052475	NC_038383.1,NC_038384.1	0	861paper
Avian leukosis virus	11864	KY235336.1	0	861paper
Cypovirus 2	205896	NC_023491.1,NC_023486.1,NC_023492.1,NC_023487.1,NC_023488.1,NC_023493.1,NC_023489.1,NC_023494.1,NC_023490.1,NC_023495.1	0	861paper
African horse sickness virus	40050	NC_006021.1,NC_005996.1,NC_006017.1,NC_006012.1,NC_006020.1,NC_006018.1,NC_006011.1,NC_006019.1,NC_006016.1,NC_006009.1	0	861paper
Strawberry crinkle cytorhabdovirus	1985706	MH129615.1	0	861paper
Bovine fever ephemerovirus	1972593	NC_002526.1	0	861paper
Liao ning virus	246280	NC_007736.1,NC_007737.1,NC_007738.1,NC_007739.1,NC_007740.1,NC_007741.1,NC_007742.1,NC_007743.1,NC_007744.1,NC_007745.1,NC_007746.1,NC_007747.1	0	861paper
Ngaingan hapavirus	1972623	NC_013955.1	0	861paper
Thottopalayam thottimvirus	3052789	NC_010707.1,NC_010708.1,NC_010704.1	1	861paper
Epizootic hemorrhagic disease virus	40054	NC_013396.1,NC_013397.1,NC_013398.1,NC_013399.1,NC_013400.1,NC_013401.1,NC_013403.1,NC_013402.1,NC_013404.1,NC_013405.1	0	861paper
Senecavirus A	390157	NC_011349.1	0	861paper
Porcine torovirus	237020	NC_022787.1	0	861paper
Gray Lodge hapavirus	1972613	NC_034541.1	0	861paper
Orchid fleck dichorhavirus	152177	NC_009608.1,NC_009609.1	0	861paper
Murine respirovirus	3052731	NC_001552.1	0	861paper
Cypovirus 15	205910	NC_002557.1,NC_002558.1,NC_002559.1,NC_002567.1,NC_002560.1,NC_002561.1,NC_002562.1,NC_002563.1,NC_002564.1,NC_002565.1,NC_002566.1	0	861paper
Aichivirus C	1298633	NC_011829.1	0	861paper
Equid alphaherpesvirus 9	55744	NC_011644.1	0	861paper
Passeriform 1 orthobornavirus	1548720	NC_030690.1	0	861paper
Bruges orthohantavirus	3052472	NC_034402.1,NC_034395.1,NC_034394.1	0	861paper
Eubenangee virus	40056	JQ070376.1,JQ070377.1,JQ070378.1,JQ070379.1,JQ070380.1,JQ070381.1,JQ070382.1,JQ070383.1,JQ070384.1,JQ070385.1	0	861paper
Barley yellow striate mosaic cytorhabdovirus	1985699	NC_028244.1	0	861paper
Nkolbisson ledantevirus	1978533	NC_034539.1	0	861paper
Rosavirus A	1511805	NC_024070.1	0	861paper
Northern cereal mosaic cytorhabdovirus	1985704	NC_002251.1	0	861paper
Fathead minnow nidovirus 1	1965074	NC_038295.1	0	861paper
Wigeon coronavirus HKU20	1159908	NC_016995.1	0	861paper
Hepatovirus E	1987126	NC_038314.1	0	861paper
Pegivirus A	3052610	NC_001837.1	1	861paper
Avian orthoavulavirus 13	2560321	NC_030231.1	0	861paper
Papiine alphaherpesvirus 2	340907	NC_007653.1	0	861paper
Tete orthobunyavirus	3052448	KM972719.1,KM972720.1,KM972721.1	0	861paper
Avian orthoavulavirus 9	2560326	NC_025390.1	0	861paper
Parechovirus B	1803957	NC_003976.2	1	861paper
Equine rhinitis A virus	47000	NC_003982.1	0	861paper
Perinet vesiculovirus	1972569	NC_025394.1	0	861paper
Sangassou orthohantavirus	3052496	NC_034517.1,NC_034516.1,NC_034526.1	0	861paper
Fikirini ledantevirus	1978545	NC_025341.1	0	861paper
Datura yellow vein nucleorhabdovirus	195059	NC_028231.1	0	861paper
Mossuril hapavirus	1972622	NC_038275.1	0	861paper
Ateline alphaherpesvirus 1	35243	NC_034446.1	0	861paper
Taro vein chlorosis nucleorhabdovirus	2749935	NC_006942.1	0	861paper
Felid alphaherpesvirus 1	10334	NC_013590.2	0	861paper
Arboretum almendravirus	1972683	NC_025393.1	0	861paper
Cali mammarenavirus	3052300	NC_006439.1,NC_006447.1	0	861paper
Mapuera orthorubulavirus	3052559	NC_009489.1	0	861paper
Great Island virus	204269	NC_014522.1,NC_014523.1,NC_014524.1,NC_014525.1,NC_014526.1,NC_014527.1,NC_014528.1,NC_014529.1,NC_014530.1,NC_014531.1	1	861paper
Chenuda virus	40065	KP268794.1,KP268795.1,KP268796.1,KP268797.1,KP268798.1,KP268799.1,KP268800.1,KP268801.1,KP268802.1,KP268803.1	0	861paper
Influenza D virus	1511084	NC_036616.1,NC_036615.1,NC_036619.1,NC_036618.1,NC_036617.1,NC_036620.1,NC_036621.1	0	861paper
Aichivirus B	194965	NC_004421.1	0	861paper
Scotophilus bat coronavirus 512	693999	NC_009657.1	0	861paper
Bovine alphaherpesvirus 1	10320	NC_001847.1	0	861paper
Mojiang henipavirus	3052224	NC_025352.1	0	861paper
Mount Elgon bat ledantevirus	1978542	NC_034545.1	0	861paper
Aichivirus E	1986958	KT325852.1	0	861paper
Bovine foamy virus	207343	NC_001831.1	0	861paper
Tanapox virus	99000	NC_002642.1	1	861paper
Yata ephemerovirus	1972597	NC_028241.1	0	861paper
Carajas vesiculovirus	1972571	NC_038285.1	0	861paper
Colocasia bobone disease-associated cytorhabdovirus	1972637	NC_034551.1	0	861paper
Macropodid alphaherpesvirus 1	137443	NC_029132.1	0	861paper
Mycoreovirus 3	311229	NC_007535.1,NC_007533.1,NC_007536.1,NC_007524.1,NC_007534.1,NC_007525.1,NC_007526.1,NC_007527.1,NC_007528.1,NC_007529.1,NC_007531.1,NC_007532.1	0	861paper
Le Dantec ledantevirus	1978540	NC_034443.1	0	861paper
Bat mumps orthorubulavirus	2560340	NC_038271.1	0	861paper
Myxoma virus	10273	NC_001132.2	0	861paper
Fukuoka ledantevirus	1978535	NC_034454.1	0	861paper
Potato yellow dwarf nucleorhabdovirus	195060	NC_016136.1	0	861paper
Human betaherpesvirus 7	10372	NC_001716.2	1	861paper
Hepatovirus H	1987129	NC_028365.1	0	861paper
Badu phasivirus	3052627	NC_038257.1,NC_038258.1,NC_038259.1	0	861paper
Kumasi ledantevirus	1978543	NC_028236.1	0	861paper
Pestivirus C	3052625	NC_002657.1	0	861paper
St Croix River virus	104581	NC_005997.1,NC_005998.1,NC_005999.1,NC_006000.1,NC_006001.1,NC_006002.1,NC_006003.1,NC_006004.1,NC_006005.1,NC_006006.1	0	861paper
Alphaarterivirus equid	2499620	NC_002532.2	0	861paper
Human mastadenovirus F	130309	NC_001454.1	1	861paper
Equid alphaherpesvirus 8	39637	NC_017826.1	0	861paper
Hendra henipavirus	3052223	NC_001906.3	1	861paper
Reptile sunshinevirus 1	1884453	NC_025345.1	0	861paper
Kappaarterivirus wobum	2499677	NC_026811.2	0	861paper
Teschovirus A	118140	NC_003985.1	0	861paper
Rice black streaked dwarf virus	10990	NC_003728.1,NC_003729.1,NC_003730.1,NC_003731.1,NC_003732.1,NC_003733.1,NC_003734.1,NC_003735.1,NC_003736.1,NC_003737.1	0	861paper
Cervid alphaherpesvirus 1	79891	MH036942.1	0	861paper
Menangle pararubulavirus	3052599	NC_007620.1	1	861paper
Aquareovirus A	56094	NC_007582.1,NC_007583.1,NC_007584.1,NC_007586.1,NC_007592.1,NC_007585.1,NC_007587.1,NC_007588.1,NC_007589.1,NC_007590.1,NC_007591.1	0	861paper
Sena Madureira sripuvirus	1985696	NC_034529.1	0	861paper
Pegivirus J	3052609	KC815311.1	0	861paper
Yongjia ledantevirus	1978539	NC_031305.1	0	861paper
Tioman pararubulavirus	3052602	NC_004074.1	0	861paper
Salmon aquaparamyxovirus	381543	NC_025360.1	0	861paper
Rice gall dwarf virus	10986	NC_009245.1,NC_009241.1,NC_009248.1,NC_009242.1,NC_009249.1,NC_009243.1,NC_009250.1,NC_009244.1,NC_009251.1,NC_009252.1,NC_009246.1,NC_009247.1	0	861paper
Foot-and-mouth disease virus	12110	NC_004004.1	1	861paper
Carp sprivivirus	696863	NC_002803.1	0	861paper
Rotavirus B	28876	NC_021541.1,NC_021545.1,NC_021551.1,NC_021543.1,NC_021546.1,NC_021544.1,NC_021547.1,NC_021548.1,NC_021542.1,NC_021550.1,NC_021549.1	1	861paper
Landjia hapavirus	1972618	NC_034533.1	0	861paper
Macacine alphaherpesvirus 1	10325	NC_004812.1	1	861paper
Guanarito mammarenavirus	3052307	NC_005082.1,NC_005077.1	1	861paper
Bovine gammaherpesvirus 4	10385	NC_002665.1	0	861paper
Cedar henipavirus	3052221	NC_025351.1	0	861paper
Salmon isavirus	55987	NC_006503.1,NC_006505.1,NC_006502.1,NC_006501.1,NC_006500.2,NC_006499.1,NC_006498.1,NC_006497.1	0	861paper
Sonchus yellow net nucleorhabdovirus	11307	NC_001615.3	0	861paper
Thetaarterivirus mikelba 1	2502000	NC_025112.1	0	861paper
Deltapapillomavirus 3	56144	NC_001789.1	0	861paper
Kolente ledantevirus	1978546	NC_025342.1	0	861paper
Porcine type-C oncovirus	369960	GU980187.1	0	861paper
Cadicivirus A	1330068	NC_021178.1	0	861paper
Deltapapillomavirus 4	337052	NC_001522.1	0	861paper
Pegivirus H	3052606	NC_027998.2	1	861paper
Cypovirus 5	205899	NC_010670.1,NC_010669.1,NC_010668.1,NC_010667.1,NC_010666.1,NC_010665.1,NC_010662.1,NC_010664.1,NC_010663.1,NC_010661.1	0	861paper
Maize stripe tenuivirus	3052767	NC_038751.1,NC_038754.1,NC_038752.1,NC_038753.1	0	861paper
Betaarterivirus chinrav 1	2499930	NC_028963.1	0	861paper
Aquareovirus B	57747	NC_038630.1,NC_038629.1,NC_038624.1,NC_038625.1,NC_038631.1,NC_038626.1,NC_038627.1,NC_038632.1,NC_038628.1,NC_038633.1	0	861paper
Munia coronavirus HKU13	1297661	NC_011550.1	0	861paper
Pestivirus H	3052620	NC_012812.1	0	861paper
Koolpinyah ephemerovirus	1972596	NC_028239.1	0	861paper
Tai herbevirus	3052243	NC_034459.1,NC_034461.1,NC_034457.1	0	861paper
Jonchet jonvirus	3052269	KP710232.1,KP710240.1,KP710243.1	0	861paper
Maize rough dwarf virus	10989	NC_037570.1,NC_037578.1,NC_037572.1,NC_037571.1,NC_028465.1,NC_037573.1,NC_037574.1,NC_037575.1,NC_037576.1,NC_037577.1	0	861paper
Limnipivirus C	1914576	NC_023437.1	0	861paper
Avian metaavulavirus 10	2560309	NC_025349.3	0	861paper
Avian orthoavulavirus 12	2560320	NC_025363.1	0	861paper
Bulbul coronavirus HKU11	574549	NC_011547.1	0	861paper
Rotavirus A	28875	EF554137.1,EF554138.1,EF554139.1,EF554140.1,EF554143.1,EF554141.1,EF554145.1,EF554142.1,EF554144.1,EF554146.1,EF554147.1	1	861paper
Cypovirus 14	205908	NC_003006.1,NC_003007.1,NC_003008.1,NC_003009.1,NC_003010.1,NC_003011.1,NC_003012.1,NC_003013.1,NC_003014.1,NC_003015.1	0	861paper
Lambdaarterivirus afriporav	2499621	NC_026439.1	0	861paper
Colorado tick fever virus	46839	NC_004181.1,NC_004182.1,NC_004183.1,NC_004184.1,NC_004185.1,NC_004186.1,NC_004187.1,NC_004188.1,NC_004180.1,NC_004189.1,NC_004191.1,NC_004190.1	1	861paper
Hepacivirus J	3052229	NC_038429.1	0	861paper
Banna virus	77763	NC_004211.1,NC_004217.1,NC_004218.1,NC_004219.1,NC_004220.1,NC_004221.1,NC_004204.1,NC_004203.1,NC_004202.1,NC_004201.1,NC_004200.1,NC_004198.1	1	861paper
Lambdapapillomavirus 1	181667	NC_004765.1	0	861paper
Sripur sripuvirus	1985697	NC_034542.1	0	861paper
Psittaciform 2 orthobornavirus	1884878	NC_039190.1	0	861paper
Pestivirus D	3052622	NC_003679.1	0	861paper
Bubaline alphaherpesvirus 1	202910	KU936049.1	0	861paper
Avian orthoreovirus	38170	NC_015126.1,NC_015128.1,NC_015127.1,NC_015129.1,NC_015130.1,NC_015131.1,NC_015132.1,NC_015133.1,NC_015134.1,NC_015135.1	0	861paper
Fiji disease virus	77698	NC_007159.1,NC_007154.1,NC_007158.1,NC_007155.1,NC_007160.1,NC_007157.1,NC_007163.1,NC_007161.1,NC_007156.1,NC_007162.1	0	861paper
Anativirus A	2560293	NC_006553.1	0	861paper
Porcine circovirus 1	133704	NC_001792.2	0	861paper
Hepatovirus C	1987124	NC_038313.1	0	861paper
Bovine mastadenovirus A	129953	AC_000191.1	0	861paper
Almpiwar sripuvirus	1985693	NC_025391.1	0	861paper
Coronavirus HKU15	1965089	NC_016990.2	0	861paper
Hepatovirus A	12092	NC_001489.1	1	861paper
Bat coronavirus CDPHE15	1913643	NC_022103.1	0	861paper
Niakha sripuvirus	1985695	NC_025405.1	0	861paper
Orthohepevirus A	1678143	M73218.1	1	861paper
Hepacivirus B	3052236	NC_038426.1	0	861paper
Miniopterus bat coronavirus 1	694000	EU420138.1	0	861paper
Bovine torovirus	74501	NC_007447.1	0	861paper
Wuhan ledantevirus	1978541	NC_031301.1	0	861paper
Aichivirus D	1897731	NC_027919.1	0	861paper
Avisivirus B	1985982	NC_024766.1	0	861paper
Coastal Plains tibrovirus	1972586	NC_025397.1	0	861paper
Palyam virus	40059	NC_005990.1,NC_005986.1,NC_005989.1,NC_005991.1,NC_005993.1,NC_005987.1,NC_005988.1,NC_005994.1,NC_005992.1,NC_005995.1	1	861paper
Koala retrovirus	394239	NC_039228.1	0	861paper
Measles morbillivirus	11234	NC_001498.1	1	861paper
Warrego virus	40062	KJ495755.1,KJ495756.1,KJ495757.1,KJ495758.1,KJ495759.1,KJ495760.1,KJ495762.1,KJ495761.1,KJ495763.1,KJ495764.1	0	861paper
Sicinivirus A	1755588	NC_023861.1	0	861paper
Iranian wheat stripe tenuivirus	3052765	NC_038748.1,NC_038750.1,NC_038749.1	0	861paper
Baboon orthoreovirus	75888	NC_015877.1,NC_015878.1,NC_015879.1,NC_015880.1,NC_015881.1,NC_015882.1,NC_015883.1,NC_015884.1,NC_015886.1,NC_015885.1	0	861paper
Feline calicivirus	11978	NC_001481.2	0	861paper
Chaco sripuvirus	1985694	NC_034550.1	0	861paper
Mal de Rio Cuarto virus	185954	NC_008733.1,NC_008732.1,NC_008730.1,NC_008729.1,NC_008735.1,NC_008731.1,NC_008736.1,NC_008728.1,NC_008737.1,NC_008734.1	0	861paper
Hepacivirus D	3052227	NC_031950.1	0	861paper
Human picobirnavirus	145856	NC_007026.1,NC_007027.1	1	861paper
Megrivirus A	2170004	NC_023858.1	0	861paper
Joinjakaka hapavirus	1972615	NC_034538.1	0	861paper
Eilat virus	1231903	NC_018615.1	0	861paper
Harkavirus A	2003391	NC_026921.1	0	861paper
Murine leukemia virus	11786	NC_001501.1	0	861paper
Miniopterus bat coronavirus HKU8	694001	NC_010438.1	0	861paper
Kotonkan ephemerovirus	1972587	NC_017714.1	0	861paper
Cardiovirus B	1821750	NC_001366.1	1	861paper
Adelaide River ephemerovirus	1972589	NC_028246.1	0	861paper
Enterovirus E	12064	NC_001859.1	0	861paper
Limnipivirus B	1914575	NC_023162.1	0	861paper
Epsilonarterivirus safriver	2501965	KT166441.1	0	861paper
Lettuce necrotic yellows cytorhabdovirus	1985702	NC_007642.1	0	861paper
Mycoreovirus 1	311228	NC_010743.1,NC_010744.1,NC_010745.1,NC_038657.1,NC_010746.1,NC_010747.1,NC_010748.1,NC_010749.1,NC_010750.1,NC_010751.1,NC_010752.1,NC_010753.1	0	861paper
Yug Bogdanovac vesiculovirus	1972567	NC_025378.1	0	861paper
Puerto Almendras almendravirus	1972686	NC_025395.1	0	861paper
Wallal virus	40061	NC_022553.1,NC_022554.1,NC_022555.1,NC_022560.1,NC_022556.1,NC_022561.1,NC_022562.1,NC_022557.1,NC_022558.1,NC_022559.1	0	861paper
Pegivirus B	3052611	NC_030291.1	0	861paper
Lettuce yellow mottle cytorhabdovirus	1985703	NC_011532.1	0	861paper
Saimiriine alphaherpesvirus 1	10353	NC_014567.1	0	861paper
Obodhiang ephemerovirus	1972592	NC_017685.1	0	861paper
Iotaarterivirus kibreg 1	2501948	NC_038292.1	0	861paper
Hepacivirus A	3052228	NC_038425.1	0	861paper
Rice grassy stunt tenuivirus	3052762	NC_002327.1,NC_002323.1,NC_002328.1,NC_002324.1,NC_002325.1,NC_002326.1	0	861paper
Aquareovirus E	2083444	NC_038640.1,NC_038634.1,NC_038635.1,NC_038641.1,NC_038636.1,NC_038637.1,NC_038643.1,NC_038639.1,NC_038638.1,NC_038642.1,NC_038644.1	0	861paper
Sweetwater Branch tibrovirus	1987013	NC_034546.1	0	861paper
Maize Iranian mosaic nucleorhabdovirus	348823	NC_036390.1	0	861paper
Sakobuvirus A	1659771	NC_022802.1	0	861paper
Aquareovirus C	185782	NC_005166.1,NC_005167.1,NC_005168.1,NC_005169.1,NC_005170.1,NC_005171.1,NC_005172.1,NC_005173.1,NC_005174.1,NC_005175.1,NC_005176.1	0	861paper
Betaarterivirus suid 2	2499685	NC_038291.1	0	861paper
Piscine orthoreovirus	1157337	NC_036468.1,NC_036477.1,NC_036476.1,NC_036471.1,NC_036469.1,NC_036470.1,NC_036473.1,NC_036474.1,NC_036472.1,NC_036475.1	0	861paper
Betaarterivirus suid 1	2499680	AF046869.1	0	861paper
Deltapapillomavirus 1	10565	NC_001524.1	0	861paper
Infectious bursal disease virus	10995	NC_004178.1,NC_004179.1	0	861paper
Reticuloendotheliosis virus	11636	NC_006934.1	0	861paper
Gammaarterivirus lacdeh	2499678	NC_001639.1	0	861paper
Feline morbillivirus	1170234	NC_025264.1	0	861paper
Pegivirus D	3052607	NC_038433.1	0	861paper
La Joya hapavirus	1972617	NC_034537.1	0	861paper
Berrimah ephemerovirus	1972594	NC_025358.1	0	861paper
Southern rice black-streaked dwarf virus	519497	NC_014712.1,NC_014708.1,NC_014713.1,NC_014709.1,NC_014714.1,NC_014710.1,NC_014715.1,NC_014711.1,NC_014716.1,NC_014717.1	0	861paper
Nelson Bay orthoreovirus	118027	JF342668.1,JF342666.1,JF342667.1,JF342669.1,JF342670.1,JF342671.1,AY357730.1,AY357731.1,AY357732.1,AY357733.1	1	861paper
Cypovirus 1	205895	NC_003016.1,NC_003017.1,NC_003018.1,NC_003019.1,NC_003020.1,NC_003021.1,NC_003022.1,NC_003023.1,NC_003024.1,NC_003025.1	0	861paper
Murid gammaherpesvirus 4	33708	NC_001826.2	0	861paper
Hepacivirus I	3052238	NC_038428.1	0	861paper
Oscivirus A	1511781	NC_014412.1	0	861paper
Pasivirus A	1511783	NC_018226.1	0	861paper
Erbovirus A	312185	NC_003983.1	0	861paper
Kunsagivirus A	1755590	NC_038317.1	0	861paper
Avian metaavulavirus 2	2560313	NC_039230.1	0	861paper
Hepacivirus N	3052226	NC_038432.1	0	861paper
Flanders hapavirus	1972612	NC_039202.1	0	861paper
Rodent erythroparvovirus 1	3052193	GQ200736.1	0	861paper
Porcine epidemic diarrhea virus	28295	NC_003436.1	0	861paper
Avastrovirus 2	1239438	NC_003790.1	0	861paper
Hepacivirus M	3052234	NC_038431.1	0	861paper
Ord River hapavirus	1972624	NC_034543.1	0	861paper
Etaarterivirus ugarco 1	2501969	NC_034455.1	0	861paper
Hart Park hapavirus	1972614	NC_034447.1	0	861paper
Pestivirus A	3052619	NC_001461.1	1	861paper
Maize mosaic nucleorhabdovirus	279896	NC_005975.1	0	861paper
Drosophila melanogaster sigmavirus	1094373	NC_013135.1	0	861paper
Deltaarterivirus hemfev	2499622	NC_003092.2	0	861paper
Aquamavirus A	1330066	NC_009891.1	0	861paper
Deltaarterivirus pejah	1658615	NC_027124.1	0	861paper
Thetaarterivirus kafuba	2501999	NC_029053.1	0	861paper
Zetaarterivirus ugarco 1	2499932	NC_033553.1	0	861paper
Epsilonarterivirus hemcep	2501964	NC_038293.1	0	861paper
Alfalfa dwarf cytorhabdovirus	1972639	NC_028237.2	0	861paper
Iotaarterivirus debrazmo	2501947	NC_026509.1	0	861paper
Manitoba hapavirus	1972619	NC_034531.1	0	861paper
Tibrogargan tibrovirus	1972584	NC_020804.1	0	861paper
Wongabel hapavirus	1972626	NC_011639.1	0	861paper
Parry Creek hapavirus	1972625	NC_034449.1	0	861paper
Pegivirus E	3052604	NC_020902.1	0	861paper
Salivirus A	1330524	NC_012986.1	1	861paper
Adeno-associated virus	272636	MK139281.1	1	mydata
African green monkey simian foamy virus	338079	NC_010820.1	1	mydata
Alphainfluenzavirus influenzae	2955291	HE584745.1,HE584746.1,HE584747.1,HE584748.1,HE584749.1,HE584750.1,HE584751.1,HE584752.1	1	mydata
Alphamesonivirus yichangense	2955292	MT070763.1	1	mydata
Alphapolyomavirus nonihominis	2955297	NC_015150.1	1	mydata
Alphapolyomavirus octihominis	1891727	NC_014361.1	1	mydata
Alphapolyomavirus quardecihominis	2734294	NC_034253.1	1	mydata
Alphapolyomavirus quintihominis	1891726	NC_010277.2	1	mydata
Alphapolyomavirus terdecihominis	1891728	NC_024118.1	1	mydata
Alphatorquevirus cerco7	3048425	NC_014083.1	1	mydata
Alphatorquevirus homin1	3048413	MH017570.1	1	mydata
Alphatorquevirus homin10	3048414	GU797360.1	1	mydata
Alphatorquevirus homin13	3048415	NC_038339.1	1	mydata
Alphatorquevirus homin15	3048417	NC_014096.1	1	mydata
Alphatorquevirus homin19	3048420	NC_014078.1	1	mydata
Alphatorquevirus homin20	3048422	NC_038340.1	1	mydata
Alphatorquevirus homin21	3048423	NC_038341.1	1	mydata
Alphatorquevirus homin24	3048424	NC_038343.1	1	mydata
Alphatorquevirus homin29	3048427	NC_038344.1	1	mydata
Alphatorquevirus homin3	3048428	NC_014081.1	1	mydata
Alphatorquevirus homin5	3048430	NC_038336.1	1	mydata
Alphatorquevirus homin6	3048431	NC_014094.1	1	mydata
Alphatorquevirus homin7	3048432	LC385662.1	1	mydata
Alphatorquevirus homin9	3048433	NC_038337.1	1	mydata
Ambidensovirus sp.	2050976	NC_077051.1	1	mydata
Anelloviridae sp.	2055263	NC_075447.1	1	mydata
Anellovirus cya/2019	2749445	MT501646.1	1	mydata
Anellovirus cyb/2019	2749446	MT501649.1	1	mydata
Anellovirus cyc/2019	2749447	MT501653.1	1	mydata
Astrovirus MLB2	683172	NC_016155.1	1	mydata
Astrovirus MLB3	1247114	NC_019028.1	1	mydata
Astrovirus VA3	683174	NC_019026.1	1	mydata
Astrovirus VA4	1247113	NC_019027.1	1	mydata
Bamaga virus	1805494	NC_033725.1	1	mydata
Bandavirus amblyommae	3048183	NC_021242.1,NC_021243.1,NC_021244.1	1	mydata
Bandavirus bhanjanagarense	3051989	JX961622.1,JX961623.1,JX961624.1	1	mydata
Bandavirus guertuense	3051991	NC_043609.1,NC_043610.1,NC_043611.1	1	mydata
Bandavirus heartlandense	3051992	NC_078062.1,NC_078063.1,NC_078064.1	1	mydata
Bangui virus	2748253	MK896630.1,MK896631.1,MK896632.1	1	mydata
Bastrovirus BAS-1	2025396	NC_035758.1	1	mydata
Bat mastadenovirus A	1146877	NC_016895.2	1	mydata
Bat mastadenovirus C	2015370	NC_029902.1	1	mydata
Beiji nairovirus	2304647	ON408106.1,ON408107.1	1	mydata
Betainfluenzavirus influenzae	2955465	PP882635.1,PP882636.1,PP882637.1,PP882638.1,PP882639.1,PP882640.1,PP882641.1,PP882642.1	1	mydata
Betapolyomavirus quartihominis	1891765	FJ794068.1	1	mydata
Betapolyomavirus tertihominis	1891764	OR728262.1	1	mydata
Betatorquevirus homini1	3048395	NC_014097.1	1	mydata
Betatorquevirus homini10	3048396	NC_076233.1	1	mydata
Betatorquevirus homini11	3048397	NC_038346.1	1	mydata
Betatorquevirus homini12	3048398	NC_038347.1	1	mydata
Betatorquevirus homini16	3052004	NC_025727.1	1	mydata
Betatorquevirus homini18	3050361	NC_030297.1	1	mydata
Betatorquevirus homini2	3048400	NC_014086.1	1	mydata
Betatorquevirus homini26	3052013	NC_076162.1	1	mydata
Betatorquevirus homini27	3052014	NC_025726.1	1	mydata
Betatorquevirus homini3	3048401	NC_014088.1	1	mydata
Betatorquevirus homini4	3048402	NC_014090.1	1	mydata
Betatorquevirus homini5	3048403	NC_014089.1	1	mydata
Betatorquevirus homini6	3048404	NC_014095.1	1	mydata
Betatorquevirus homini7	3048405	NC_014082.1	1	mydata
Betatorquevirus homini8	3048406	NC_014068.1	1	mydata
Betatorquevirus homini9	3048407	NC_002195.1	1	mydata
Bocaparvovirus primate1	3052040	NC_075120.1	1	mydata
Bocaparvovirus primate2	3052041	NC_012042.1	1	mydata
Bocaparvovirus sp.	1883111	MZ546191.1	1	mydata
Borealpox virus	2602439	MN240300.1	1	mydata
Borna disease virus	12455	ON241315.1	1	mydata
Brisavirus	2732654	MK059756.1	1	mydata
Bufavirus-3	1391667	NC_024888.1	1	mydata
Burkina Faso astrovirus	1518574	NC_024472.1	1	mydata
Cardiovirus D	2734523	HM181996.1	1	mydata
Central cimpanzee simian foamy virus	2170194	NC_039024.1	1	mydata
Circo-like virus-Brazil	1407638	NC_023888.1	1	mydata
Circoviridae sp.	1954248	OK397298.1	1	mydata
Circovirus eniyan	3052121	NC_038392.1	1	mydata
Circovirus porcine2	3048279	GQ404853.1	1	mydata
Circular ssDNA virus sp.	2805939	NC_030449.1	1	mydata
Colorado tick fever coltivirus	2748762	MZ484422.1,MZ484423.1,MZ484424.1,MZ484425.1,MZ484426.1,MZ484427.1,MZ484428.1,MZ484429.1,MZ484430.1,MZ484431.1,MZ484432.1,MZ484433.1	1	mydata
Coronavirus cya-BetaCoV/2019	2749448	MT501655.1	1	mydata
Coronavirus cyb-BetaCoV/2019	2749449	MT501650.1	1	mydata
Coronavirus cyc-BetaCoV/2019	2749450	MT501654.1	1	mydata
Cosavirus JMY-2014	1582094	NC_025961.1	1	mydata
Coxsackievirus	12066	ON730871.1	1	mydata
Cressdnaviricota sp.	2202563	MH111087.1	1	mydata
Cressdnaviricota sp.	2748378	MH111087.1	1	mydata
Cristoli virus	2609450	MN488996.1,MN488997.1,MN488998.1	1	mydata
Cyclovirus bashri	3047962	NC_038414.1	1	mydata
Cyclovirus homa	3047963	NC_038415.1	1	mydata
Cyclovirus humana	3047957	NC_023874.2	1	mydata
Cyclovirus insaan	3047960	NC_036877.1	1	mydata
Cyclovirus maanav	3047956	NC_038412.1	1	mydata
Cyclovirus manitan	3047958	NC_038418.1	1	mydata
Cyclovirus manukha	3047961	NC_038413.1	1	mydata
Cyclovirus manusyan	3047959	NC_032682.2	1	mydata
Cyclovirus mmadu	3047964	NC_038416.1	1	mydata
Cyclovirus munthu	3047967	NC_021568.1	1	mydata
Cyclovirus mutum	3047965	NC_038417.1	1	mydata
Cyclovirus nhanloai	3047966	NC_039215.1	1	mydata
Cyclovirus NI-204	1572667	KP151567.1	1	mydata
Cyclovirus PK6197	742919	GQ404848.1	1	mydata
Cyclovirus sp.	1983780	OQ835741.1	1	mydata
Cytomegalovirus cercopithecinebeta5	3050258	FJ483969.2	1	mydata
Cytomegalovirus humanbeta5	3050295	NC_006273.2	1	mydata
Deltapolyomavirus decihominis	1208309	NC_018102.1	1	mydata
Deltapolyomavirus septihominis	2955745	NC_014407.1	1	mydata
Deltapolyomavirus sextihominis	2955746	NC_014406.1	1	mydata
Deltapolyomavirus undecihominis	1891745	NC_020106.1	1	mydata
Deltavirus italiense	2844074	NC_059681.1	1	mydata
Deltavirus japanense	2844075	NC_059682.1	1	mydata
Deltavirus taiwanense	2844078	NC_075122.1	1	mydata
Densovirinae sp.	2030127	OQ835746.1	1	mydata
Eastern chimpanzee simian foamy virus	2170195	NC_039025.1	1	mydata
Echovirus	33758	MZ229642.1	1	mydata
Eyach coltivirus	2747210	NC_003697.1,NC_003702.1,NC_003703.1,NC_003700.1,NC_003704.1,NC_003705.1,NC_003706.1,NC_003707.1,NC_003696.1,NC_003701.1,NC_003699.1,NC_003698.1	1	mydata
Gammainfluenzavirus influenzae	2955935	OQ733376.1,OQ733377.1,OQ733378.1,OQ733379.1,OQ733380.1,OQ733381.1,OQ733382.1	1	mydata
Gammapapillomavirus 10	1175852	NC_014185.1	1	mydata
Gammapapillomavirus 11	1513256	NC_017996.1	1	mydata
Gammapapillomavirus 12	1513257	NC_014469.1	1	mydata
Gammapapillomavirus 13	1513258	NC_014952.1	1	mydata
Gammapapillomavirus 14	1513259	NC_014954.1	1	mydata
Gammapapillomavirus 15	1513260	NC_017993.1	1	mydata
Gammapapillomavirus 16	1513261	NC_017995.1	1	mydata
Gammapapillomavirus 17	1513262	NC_017997.1	1	mydata
Gammapapillomavirus 18	1513263	NC_033781.1	1	mydata
Gammapapillomavirus 19	1513264	NC_038522.1	1	mydata
Gammapapillomavirus 20	1513265	NC_028125.1	1	mydata
Gammapapillomavirus 21	1961678	NC_022892.1	1	mydata
Gammapapillomavirus 22	1961679	NC_038523.1	1	mydata
Gammapapillomavirus 23	1961680	NC_038524.1	1	mydata
Gammapapillomavirus 24	1961681	NC_023891.1	1	mydata
Gammapapillomavirus 25	1961682	NC_038914.1	1	mydata
Gammapapillomavirus 26	1961683	NC_039086.1	1	mydata
Gammapapillomavirus 27	2169902	NC_027528.1	1	mydata
Gammapapillomavirus 6	1175848	MF588697.1	1	mydata
Gammapapillomavirus 7	1175849	NC_014956.1	1	mydata
Gammapapillomavirus 8	1175850	MF588705.1	1	mydata
Gammapapillomavirus 9	1175851	NC_014953.1	1	mydata
Gammapapillomavirus sp.	2049444	NC_040620.1	1	mydata
Gammatorquevirus homidi1	3048380	NC_009225.1	1	mydata
Gammatorquevirus homidi10	3048381	NC_038357.1	1	mydata
Gammatorquevirus homidi11	3048382	NC_038358.1	1	mydata
Gammatorquevirus homidi12	3048383	NC_038359.1	1	mydata
Gammatorquevirus homidi13	3048384	NC_038360.1	1	mydata
Gammatorquevirus homidi14	3048385	NC_038361.1	1	mydata
Gammatorquevirus homidi15	3048386	NC_038362.1	1	mydata
Gammatorquevirus homidi2	3048387	NC_014093.1	1	mydata
Gammatorquevirus homidi3	3048388	NC_038350.1	1	mydata
Gammatorquevirus homidi4	3048389	NC_038351.1	1	mydata
Gammatorquevirus homidi5	3048390	NC_038352.1	1	mydata
Gammatorquevirus homidi6	3048391	NC_038353.1	1	mydata
Gammatorquevirus homidi7	3048392	NC_038354.1	1	mydata
Gammatorquevirus homidi8	3048393	NC_038355.1	1	mydata
Gammatorquevirus homidi9	3048394	NC_038356.1	1	mydata
Gemycircularvirus CN-GZ1	2583509	MH427642.1	1	mydata
Gemycircularvirus HV-GcV1	1862824	NC_030447.1	1	mydata
Gemycircularvirus sp.	1983771	NC_076496.1	1	mydata
Gemygorvirus sewopo1	2844554	NC_026817.1	1	mydata
Gemykibivirus humas1	2844581	KP974694.1	1	mydata
Gemykibivirus humas2	2844582	PP270194.1	1	mydata
Gemykibivirus humas3	2844583	NC_026809.1	1	mydata
Gemykibivirus humas4	2844584	NC_038497.1	1	mydata
Gemykibivirus humas5	2844585	NC_030448.1	1	mydata
Gemyvongvirus humas1	2844646	NC_028459.1	1	mydata
Genomoviridae sp.	2202565	OP549861.1	1	mydata
Genomovirus AZ4_17	2853105	MW679004.1	1	mydata
Guenon simian foamy virus	2170197	NC_043445.1	1	mydata
Gyrovirus chickenanemia	3047743	JQ690762.1	1	mydata
Gyrovirus galga1	2844800	JQ690763.1	1	mydata
Gyrovirus homsa1	2844802	NC_017091.1	1	mydata
Gyrovirus homsa2	2844803	NC_022789.1	1	mydata
Gyrovirus homsa3	2844804	NC_018401.1	1	mydata
Gyrovirus homsa4	2844805	NC_022788.1	1	mydata
Hantavirus Z10	93830	NC_006433.1,NC_006435.1,NC_006437.1	1	mydata
Hepatitis delta virus	12475	OR428249.1	1	mydata
Hepatitis E virus	291484	JQ679013.1	1	mydata
Heron hepatitis B virus	28300	KT345708.1	1	mydata
HMO Astrovirus A	682382	NC_013443.1	1	mydata
Hom-1 vesivirus	1960046	NC_034444.1	1	mydata
Hudisavirus sp.	2021738	NC_035475.1	1	mydata
Human adenovirus 108	3043599	OQ518330.1	1	mydata
Human adenovirus 60	1904885	JN162672.1	1	mydata
Human adenovirus 86	2461378	KX868297.2	1	mydata
Human adenovirus sp.	1907210	MK357714.1	1	mydata
Human anellovirus zj-ad 1	2778524	MT210805.1	1	mydata
Human associated huchismacovirus 1	2169934	NC_039061.1	1	mydata
Human associated huchismacovirus 2	2169935	NC_039062.1	1	mydata
Human associated huchismacovirus 3	2169936	NC_039063.1	1	mydata
Human associated porprismacovirus 1	2170113	ON623842.1	1	mydata
Human astrovirus	1868658	NC_024472.1	1	mydata
Human astrovirus MLB3	1609138	LC732125.1	1	mydata
Human betaherpesvirus 6	10368	NC_000898.1	1	mydata
Human blood-associated dicistrovirus	2184748	OQ835731.1	1	mydata
Human bocavirus	329641	NC_012564.1	1	mydata
Human bocavirus 4	645161	NC_012729.2	1	mydata
Human circovirus 1	3025750	ON677309.1	1	mydata
Human circovirus VS6600022	1525173	NC_024694.1	1	mydata
Human circular dsDNA virus associated with alcoholic cirrhosis	749224	AB550431.1	1	mydata
Human cosavirus	1233383	NC_023984.1	1	mydata
Human cyclovirus	1455626	NC_021568.1	1	mydata
Human DNA virus	1904876	NC_040309.1	1	mydata
Human endogenous retrovirus	11827	NC_022518.1	1	mydata
Human endogenous retrovirus H	57282	AY208746.1	1	mydata
Human endogenous retrovirus K	45617	NC_022518.1	1	mydata
Human enterovirus	1193974	HQ400942.1	1	mydata
Human erythrovirus V9	72197	NC_004295.1	1	mydata
Human fecal virus Jorvi2	2017081	NC_035212.1	1	mydata
Human fecal virus Jorvi3	2017082	NC_035213.1	1	mydata
Human fecal virus Jorvi4	2017083	NC_035211.1	1	mydata
Human fecal virus Tarto	2017080	MF118166.1	1	mydata
Human feces pecovirus	1820160	NC_040306.1	1	mydata
Human feces-associated smacovirus	1914415	KX838317.1	1	mydata
Human immunodeficiency virus	12721	KU168287.1	1	mydata
Human lung cancer-associated polyomavirus	2927897	MW176106.1	1	mydata
Human papillomavirus	10566	NC_034616.1	1	mydata
human papillomavirus 214	3003858	OP971056.1	1	mydata
human papillomavirus 215	3003859	OP971101.1	1	mydata
human papillomavirus 226	3003860	OP971015.1	1	mydata
Human papillomavirus 228	3026463	ON482334.1	1	mydata
Human papillomavirus AZ1_1	2853106	MW679002.1	1	mydata
Human papillomavirus KC5	1647924	NC_026946.1	1	mydata
Human papillomavirus sp.	192971	MF588757.1	1	mydata
Human papillomavirus type 190	1851215	PP718699.1	1	mydata
Human papillomavirus type 194	1851219	KR816181.1	1	mydata
Human papillomavirus type 211	2060135	MF509816.1	1	mydata
Human papillomavirus type 212	2060136	MF509817.1	1	mydata
Human papillomavirus type 213	2060137	LR862055.1	1	mydata
Human papillomavirus type 214	2060138	LR862035.1	1	mydata
Human papillomavirus type 215	2060139	MF509820.1	1	mydata
Human papillomavirus type 216	2060140	MF509821.1	1	mydata
Human papillomavirus type 219	2200956	MH172376.1	1	mydata
Human papillomavirus type 220	2200957	MH172377.1	1	mydata
Human papillomavirus type 221	2200958	MH172378.1	1	mydata
Human papillomavirus type 222	2200959	MH172379.1	1	mydata
Human papillomavirus type 229	2944249	MW535770.1	1	mydata
Human papillomavirus type 85	652810	NC_034616.1	1	mydata
Human polyomavirus 12	1303334	NC_020890.1	1	mydata
Human PoSCV5-like circular virus	1965018	NC_075996.1	1	mydata
Human respiratory circovirus-like 1	2714898	MK674279.1	1	mydata
Human respiratory circovirus-like 2	2714899	MK674280.1	1	mydata
Human respiratory circular DNA virus	2057509	MN535745.1	1	mydata
Human rhinovirus sp.	169066	MT157224.1	1	mydata
Human smacovirus 1	1595998	NC_026252.1	1	mydata
Human T-lymphotropic virus 4	318279	NC_011800.1	1	mydata
Human torovirus	67605	KJ645983.1	1	mydata
Human-associated circovirus 2	3014888	ON226770.2	1	mydata
Husavirus sp.	1930509	NC_032480.1	1	mydata
Inpeasmacovirus humas1	2845010	NC_076251.1	1	mydata
Iteradensovirus incertum2	3060057	NC_076998.1	1	mydata
Japanese macaque simian foamy virus	2170198	NC_039026.1	1	mydata
Jeilongvirus beilongi	3052263	NC_007803.1	1	mydata
Langya virus	2971765	OM101125.1	1	mydata
Lymphocryptovirus humangamma4	3050299	NC_009334.1	1	mydata
Lymphocryptovirus papiinegamma1	3050339	AF200364.1	1	mydata
Lyssavirus hamburg	2951618	MW551946.1	1	mydata
Lyssavirus helsinki	2951619	NC_009528.2	1	mydata
Lyssavirus ikoma	2956142	NC_018629.1	1	mydata
Lyssavirus Ozernoe	642022	NC_025408.1	1	mydata
Macaque simian foamy virus	338478	JN801175.1	1	mydata
Mammalian orthoreovirus	351073	NC_013225.1,NC_013226.1,NC_013227.1,NC_013228.1,NC_013229.1,NC_013230.1,NC_013232.1,NC_013233.1,NC_013234.1,NC_013231.1	1	mydata
Mastadenovirus sp.	2050578	OK318878.1	1	mydata
Metaavulavirus delawarense	3051374	NC_039195.1	1	mydata
Metaavulavirus tennessense	3051373	NC_025347.1	1	mydata
Metaavulavirus yucaipaense	3051368	NC_039230.1	1	mydata
Metapneumovirus avis	3047384	NC_039231.1	1	mydata
Metapneumovirus hominis	3048148	OL794386.1	1	mydata
Mogiana tick virus	1172985	MH133317.1,MH133318.1,MH133319.1,MH133320.1	1	mydata
Monongahela hantavirus	2259728	MH539865.1,MH539866.1,MH539867.1	1	mydata
Morbillivirus hominis	3052345	OP236009.1	1	mydata
Mupapillomavirus 3	1961783	NC_038525.1	1	mydata
Murine leukemia-related retroviruses	99182	NC_007815.2	1	mydata
MX polyomavirus	1231709	JX259273.1	1	mydata
Myotis gammaherpesvirus 8	1780507	NC_029255.1	1	mydata
Ngewotan negevirus	2713662	JQ686833.1	1	mydata
Nodaviridae sp.	1955166	OQ835737.1,OQ835738.1	1	mydata
Norovirus sp.	1938392	MZ546178.1	1	mydata
Ntwetwe virus	2219998	MH324826.1,MH324827.1,MH324828.1	1	mydata
NY_014 poxvirus	2025360	NC_035469.1	1	mydata
Orthoavulavirus japanense	3051377	NC_030231.1	1	mydata
Orthoavulavirus javaense	3051375	OR636618.1	1	mydata
Orthobunyavirus baakalense	3060463	NC_078980.1,NC_078981.1,NC_078982.1	1	mydata
Orthobunyavirus bataiense	3052371	NC_043580.1,NC_043579.1,NC_043581.1	1	mydata
Orthobunyavirus cacheense	3052385	MK861965.1,MK861966.1,MK861967.1	1	mydata
Orthobunyavirus catqueense	3052388	KY795950.1,KY795951.1,KY795952.1	1	mydata
Orthobunyavirus ileshaense	3052399	NC_043585.1,NC_043586.1,NC_043587.1	1	mydata
Orthobunyavirus jamestownense	3052402	MW072986.1,MW072987.1,MW072988.1	1	mydata
Orthobunyavirus keystoneense	3052406	NC_043627.1,NC_043628.1,NC_043629.1	1	mydata
Orthobunyavirus khatangaense	3052407	NC_055197.1,NC_055198.1,NC_055196.1	1	mydata
Orthobunyavirus lacrosseense	3052409	NC_004109.1,NC_004110.1,NC_004108.1	1	mydata
Orthobunyavirus macauaense	3052412	NC_055181.1,NC_055183.1,NC_055182.1	1	mydata
Orthobunyavirus maguariense	3052414	KX100115.1,KX100116.1,KX100117.1	1	mydata
Orthobunyavirus melajoense	3052420	MN268722.2,MN268723.1,MN268724.1	1	mydata
Orthobunyavirus shermanense	3052439	NC_043615.1,NC_043616.1,NC_043617.1	1	mydata
Orthobunyavirus tataguineense	3052446	MH603134.1,MH603135.1,MH603136.1	1	mydata
Orthoebolavirus bundibugyoense	3052458	NC_014373.1	1	mydata
Orthoebolavirus restonense	3052459	KY798006.1	1	mydata
Orthoebolavirus sudanense	3052460	EU338380.1	1	mydata
Orthoebolavirus taiense	3052461	NC_014372.1	1	mydata
Orthoebolavirus zairense	3052462	KJ660346.2	1	mydata
Orthoflavivirus aroaense	3047375	NC_009026.2	1	mydata
Orthoflavivirus bagazaense	3047385	NC_012534.1	1	mydata
Orthoflavivirus banziense	3047395	NC_043110.1	1	mydata
Orthoflavivirus boubouiense	3047696	NC_033693.1	1	mydata
Orthoflavivirus bravoense	3048300	JQ582840.1	1	mydata
Orthoflavivirus cacipacoreense	3052463	KF917536.1	1	mydata
Orthoflavivirus dakarense	3047790	OL709418.1	1	mydata
Orthoflavivirus denguei	3052464	JQ287663.1	1	mydata
Orthoflavivirus edgehillense	3047817	NC_030289.1	1	mydata
Orthoflavivirus encephalitidis	3052465	MN114635.1	1	mydata
Orthoflavivirus flavi	3046277	MK583170.1	1	mydata
Orthoflavivirus gadgetsense	3047837	NC_033723.1	1	mydata
Orthoflavivirus ilheusense	3052466	MF461639.1	1	mydata
Orthoflavivirus japonicum	3048158	HM596272.1	1	mydata
Orthoflavivirus kadamense	3048165	NC_033724.1	1	mydata
Orthoflavivirus kokoberaorum	3048168	NC_009029.2	1	mydata
Orthoflavivirus koutangoense	3048169	OQ067500.1	1	mydata
Orthoflavivirus kyasanurense	3048170	JF416957.1	1	mydata
Orthoflavivirus langatense	3048175	NC_003690.1	1	mydata
Orthoflavivirus louisense	3052468	EU566860.1	1	mydata
Orthoflavivirus loupingi	3048184	KJ495985.1	1	mydata
Orthoflavivirus meabanense	3048198	NC_033721.1	1	mydata
Orthoflavivirus modocense	3048205	NC_003635.1	1	mydata
Orthoflavivirus murrayense	3048215	KX229766.1	1	mydata
Orthoflavivirus nilense	3048448	MH021189.1	1	mydata
Orthoflavivirus ntayaense	3048225	JX236040.3	1	mydata
Orthoflavivirus omskense	3048233	NC_005062.1	1	mydata
Orthoflavivirus powassanense	3048287	EU670438.1	1	mydata
Orthoflavivirus royalense	3048305	DQ462443.1	1	mydata
Orthoflavivirus saboyaense	3048308	NC_029054.2	1	mydata
Orthoflavivirus saumarezense	3048314	MW959115.1	1	mydata
Orthoflavivirus sepikense	3048316	NC_008719.1	1	mydata
Orthoflavivirus tembusu	3048360	KJ958533.1	1	mydata
Orthoflavivirus ugandaense	3048440	NC_033698.1	1	mydata
Orthoflavivirus usutuense	3048443	HM569263.1	1	mydata
Orthoflavivirus wesselsbronense	3048447	JN226796.1	1	mydata
Orthoflavivirus zikaense	3048459	NC_035889.1	1	mydata
Orthohantavirus negraense	3052489	JQ611712.1,JQ611713.1,JQ611714.1	1	mydata
Orthonairovirus japonicum	3052522	NC_029122.1,NC_029123.1,NC_029124.1	1	mydata
Orthonairovirus tachengense	3052536	NC_031284.1,NC_031285.1,NC_031286.1	1	mydata
Orthonairovirus yezoense	3060506	NC_079098.1,NC_079099.1,NC_079100.1	1	mydata
Orthopicobirnavirus hominis	2956252	KJ663815.1,KJ663816.1	1	mydata
Orthopneumovirus bovis	3050248	JN032117.1	1	mydata
Orthopneumovirus hominis	3049954	OR466341.1	1	mydata
Orthopoxvirus akhmetapox	2200830	MH607141.1	1	mydata
Orthorubulavirus alstonvillense	3052555	NC_055508.1	1	mydata
Orthorubulavirus hominis	3052556	MN306032.1	1	mydata
Orthorubulavirus laryngotracheitidis	3052557	MH892405.1	1	mydata
Orthorubulavirus mammalis	3052558	KX060176.1	1	mydata
Orthorubulavirus parotitidis	3052560	MN630054.1	1	mydata
Parechovirus 1	1803958	OP255974.1	1	mydata
Parvovirus NIH-CQV	1341019	KF170373.1	1	mydata
Phlebovirus alenquerense	2734436	NC_055330.1,NC_055331.1,NC_055332.1	1	mydata
Phlebovirus chagresense	3052641	NC_055327.1,NC_055328.1,NC_055329.1	1	mydata
Phlebovirus cocleense	3052643	NC_078072.1,NC_078071.1,NC_078073.1	1	mydata
Phlebovirus echarateense	3052647	NC_055339.1,NC_055340.1,NC_055341.1	1	mydata
Phlebovirus maldonadoense	3052660	NC_055342.1,NC_055343.1,NC_055344.1	1	mydata
Phlebovirus medjerdaense	3052662	NC_055381.1,NC_055382.1,NC_055383.1	1	mydata
Phlebovirus mukawaense	3052664	NC_043509.1,NC_043510.1,NC_043511.1	1	mydata
Phlebovirus mungubaense	3052665	NC_033830.1,NC_033831.1,NC_033847.1	1	mydata
Phlebovirus napoliense	3052666	NC_078077.1,NC_078078.1,NC_078079.1	1	mydata
Phlebovirus SDYY104/China/2011	1848960	KU239112.1,KU239113.1,KU239114.1	1	mydata
Phlebovirus siciliaense	3052681	NC_015411.1,NC_015412.1,NC_015413.1	1	mydata
Phlebovirus toscanaense	3052686	KU573064.1,KU573065.1,KU573066.1	1	mydata
Phlebovirus zerdaliense	3052690	NC_029901.1,NC_037612.1,NC_037613.1	1	mydata
Platyrrhini mastadenovirus A	1986022	NC_020487.1	1	mydata
Porcine circovirus	46221	GQ404853.1	1	mydata
Porprismacovirus humas1	2845897	NC_039070.1	1	mydata
Porprismacovirus humas3	2845899	NC_035474.1	1	mydata
Porprismacovirus humas4	2845900	NC_076235.1	1	mydata
Protoparvovirus incertum1	3052713	NC_075988.1	1	mydata
Protoparvovirus primate1	3052714	NC_038544.1	1	mydata
Protoparvovirus primate3	3052716	NC_039050.1	1	mydata
Pteropine orthoreovirus	1459003	LC389084.1,LC389085.1,LC389086.1,LC389087.1,LC389088.1,LC389089.1,LC389090.1,LC389091.1,LC389092.1,LC389093.1	1	mydata
Recovirus A	2560702	PP098449.1	1	mydata
Redondoviridae sp.	2809802	MT482430.1	1	mydata
Respirovirus laryngotracheitidis	3049952	MH892403.1	1	mydata
Respirovirus pneumoniae	3049953	MN306039.1	1	mydata
Rhadinovirus humangamma8	3050300	NC_009333.1	1	mydata
Roseolovirus humanbeta6a	3050296	KC465951.1	1	mydata
Roseolovirus humanbeta6b	3050297	NC_000898.1	1	mydata
Roseolovirus humanbeta7	3050298	NC_001716.2	1	mydata
Rubivirus rubellae	2846071	NC_076948.1	1	mydata
Salivirus FHB	1547495	NC_025114.1	1	mydata
Sapovirus sp.	1906670	OR837780.1	1	mydata
SEN virus	136966	KM593802.2	1	mydata
SFTS phlebovirus	1933190	HQ642766.1,HQ642767.1,HQ642768.1	1	mydata
Simian foamy virus	11642	JQ867465.1	1	mydata
Simian mastadenovirus C	1962300	NC_021168.1	1	mydata
Simplexvirus humanalpha1	3050292	OQ724913.1	1	mydata
Simplexvirus humanalpha2	3050293	NC_001798.2	1	mydata
Simplexvirus macacinealpha1	3050305	NC_076164.1	1	mydata
Simplexvirus papiinealpha2	3050336	NC_007653.1	1	mydata
Small anellovirus	393049	NC_007014.1	1	mydata
Songling virus	2795181	NC_079000.1,NC_079001.1,NC_079002.1	1	mydata
Tai Forest coltivirus	2734339	NC_078014.1,NC_078012.1,NC_078008.1,NC_078009.1,NC_078015.1,NC_078013.1,NC_078006.1,NC_078007.1,NC_078011.1,NC_078010.1	1	mydata
Tanzavirus daressalaamense	3052759	NC_078297.1,NC_078298.1,NC_078299.1	1	mydata
Tetraparvovirus primate1	3052770	NC_007018.1	1	mydata
Thogotovirus bourbonense	2956523	OR965897.1,OR965898.1,OR965899.1,OR965900.1,OR965901.1,OR965902.1	1	mydata
Thogotovirus upoluense	2956528	NC_078649.1,NC_078650.1,NC_078651.1,NC_078652.1,NC_078653.1,NC_078654.1	1	mydata
Tibrovirus congo	1987017	NC_043067.1	1	mydata
Tibrovirus mundri	3060740	NC_077192.1	1	mydata
Torque teno midi virus	432261	NC_014093.1	1	mydata
Torque teno mini virus SHB	2057932	KY462769.1	1	mydata
Torque teno mini virus SHC	2057933	KY462757.1	1	mydata
Torque teno virus	68887	NC_076168.1	1	mydata
Torque teno virus 11	687350	NC_038338.1	1	mydata
Torque teno virus 12	687351	NC_014075.1	1	mydata
Torque teno virus 16	687355	NC_014091.1	1	mydata
Torque teno virus 27	687366	NC_014074.1	1	mydata
Torque teno virus 28	687367	NC_014073.1	1	mydata
Torque teno virus 8	687347	NC_014084.1	1	mydata
Torque teno virus AZ1_2	2853118	MW679003.1	1	mydata
Torque teno virus AZ6_5	2853119	MW679005.1	1	mydata
Torque teno virus AZ7_4	2853120	MW679006.1	1	mydata
TTV-like mini virus	93678	NC_076166.1	1	mydata
unidentified human coronavirus	694448	MF996621.1	1	mydata
Uukuvirus kabutoense	3052801	NC_036604.1,NC_036605.1,NC_036606.1	1	mydata
Uukuvirus tachengense	3052808	NC_055425.1,NC_055426.1	1	mydata
Uukuvirus uukuniemiense	3052811	NC_005220.1,NC_005221.1,NC_005214.1	1	mydata
Vaccinia virus	10245	MT227314.1	1	mydata
Varicellovirus humanalpha3	3050294	NC_001348.1	1	mydata
Varicellovirus suidalpha1	3050355	MT468550.1	1	mydata
Vientovirus	2732655	NC_055523.1	1	mydata
Wanowrie virus	2748252	MK896436.1,MK896437.1,MK896438.1	1	mydata
